category,fund_code,name,as_of_date,nav,currency,region,target,return_1y,momentum_6m,sharpe,source_sheet
usa,,Proshares 二倍放空S&P500指數SDS.US,2026-08-11,53.74,美元,美國,市場指數,270.11,-18.45,0.27,淨值+報酬率
korea,,iShares MSCI南韓指數EWY.US,2026-08-11,167.24,美元,韓國,市場指數,-28.62,-7.91,0.59,淨值+報酬率
korea,,利安資金韓國基金(美元),2026-08-07,2.734,美元,韓國,股票型,133.08,46.67,0.52,淨值+報酬率
korea,,利安資金韓國基金(新元),2026-08-07,3.497,新幣,韓國,股票型,131.74,47.49,0.53,淨值+報酬率
korea,,霸菱韓國基金-A類美元累積型,2026-08-11,56.89,美元,韓國,股票型,-31.25,-8.75,0.6,淨值+報酬率
korea,,摩根南韓基金數位級別(美元)(累計),2026-08-11,24.31,美元,韓國,股票型,91.72,19.11,0.57,淨值+報酬率
korea,,摩根南韓基金,2026-08-11,164.03,美元,韓國,股票型,-28.52,-8.61,0.57,淨值+報酬率
healthcare,,富蘭克林坦伯頓全球投資系列生技領航基金美元A(acc),2026-08-11,72.42,美元,全球,生物科技,79.26,20.9,0.83,淨值+報酬率
healthcare,,富蘭克林坦伯頓全球投資系列生技領航基金美元F(acc),2026-08-11,22.39,美元,全球,生物科技,77.42,20.31,0.81,淨值+報酬率
healthcare,,百達-生物科技-I美元,2026-08-11,1977.01,美元,全球,生物科技,76.22,23.27,0.71,淨值+報酬率
japan,,摩根太平洋科技基金數位級別(美元)(累計),2026-08-11,22.67,美元,太平洋地區(含日本),資訊科技股,76.01,33.98,0.66,淨值+報酬率
healthcare,,百達-生物科技-HR南非幣月配息(基金之配息來源可能為本金),2026-08-11,11760.51,南非幣,全球,生物科技,75.81,22.9,0.7,淨值+報酬率
taiwan,,iShares MSCI 台灣指數EWT.US,2026-08-11,103.94,美元,台灣,市場指數,-33.2,-20.87,0.63,淨值+報酬率
japan,,摩根太平洋科技基金,2026-08-11,179.76,美元,太平洋地區(含日本),資訊科技股,-35.96,-9.79,0.65,淨值+報酬率
healthcare,,百達-生物科技-R歐元,2026-08-11,1175.7,歐元,全球,生物科技,74.55,25.65,0.68,淨值+報酬率
healthcare,,百達-生物科技-R美元,2026-08-11,1357.39,美元,全球,生物科技,73.43,22.3,0.69,淨值+報酬率
healthcare,,富蘭克林坦伯頓全球投資系列生技領航基金日圓避險A(acc)-H1,2026-08-11,1795.85,日圓,全球,生物科技,73.16,18.97,0.78,淨值+報酬率
healthcare,,百達-生物科技-HR澳幣,2026-08-11,1277.88,澳幣,全球,生物科技,72.19,22.03,0.68,淨值+報酬率
healthcare,,富蘭克林坦伯頓全球投資系列生技領航基金日圓避險F(acc)-H1,2026-08-11,1767.53,日圓,全球,生物科技,71.23,18.32,0.76,淨值+報酬率
healthcare,,百達-生物科技-HR歐元,2026-08-11,785.21,歐元,全球,生物科技,69.56,20.98,0.66,淨值+報酬率
japan,,瀚亞投資-日本動力股票基金Az(南非幣避險),2026-08-10,60.883,南非幣,日本,股票型,63.58,17.87,1.02,淨值+報酬率
japan,,安聯亞洲不含中國股票基金-IT累積類股(美元),2026-08-11,3415.83,美元,亞太不含日本,股票型,62.83,27.79,0.55,淨值+報酬率
japan,,安聯亞洲不含中國股票基金-A配息類股(美元)(基金之配息來源可能為本金),2026-08-11,133.9831,美元,亞太不含日本,股票型,61.18,27.16,0.54,淨值+報酬率
japan,,瀚亞投資-日本動力股票基金A(美元避險),2026-08-10,63.887,美元,日本,股票型,61.04,17.2,1.0,淨值+報酬率
japan,,瀚亞投資-日本動力股票基金Aa(澳幣避險),2026-08-10,38.243,澳幣,日本,股票型,60.05,16.96,0.98,淨值+報酬率
japan,,瀚亞投資-日本動力股票基金T3(美元避險後收),2026-08-10,26.955,美元,日本,股票型,59.42,16.62,0.98,淨值+報酬率
japan,,富達基金-亞洲成長趨勢基金(Y股累計美元),2026-08-11,44.91,美元,亞洲不含日本,股票型,58.86,21.15,0.59,淨值+報酬率
japan,,富達基金-亞洲成長趨勢基金(A股累計歐元),2026-08-11,71.09,歐元,亞洲不含日本,股票型,58.4,24.22,0.6,淨值+報酬率
japan,,富達基金-亞洲成長趨勢基金(A股美元),2026-08-11,95.23,美元,亞洲不含日本,股票型,57.51,20.65,0.58,淨值+報酬率
japan,,富達基金-亞洲成長趨勢基金(A股累計美元),2026-08-11,50.48,美元,亞洲不含日本,股票型,57.5,20.65,0.57,淨值+報酬率
japan,,瀚亞投資-日本動力股票基金Aj(日圓),2026-08-10,4399.0,日圓,日本,股票型,56.33,15.61,0.93,淨值+報酬率
healthcare,,瑞銀(盧森堡)生化股票基金(美元),2026-08-10,1058.46,美元,全球,生物科技,54.61,15.87,0.77,淨值+報酬率
japan,,野村基金(愛爾蘭系列)-亞洲(日本除外)精選核心股票基金(I美元類股),2026-08-11,362.3491,美元,亞洲不含日本,股票型,54.25,12.31,0.57,淨值+報酬率
japan,,野村基金(愛爾蘭系列)-亞洲(日本除外)精選核心股票基金(TI美元類股),2026-08-11,171.323,美元,亞洲不含日本,股票型,53.9,12.19,0.56,淨值+報酬率
japan,,野村基金(愛爾蘭系列)-亞洲(日本除外)精選核心股票基金(B美元類股),2026-08-11,166.0987,美元,亞洲不含日本,股票型,52.41,11.58,0.55,淨值+報酬率
japan,,安本基金-日本永續股票基金X累積美元避險,2026-08-11,36.3544,美元,日本,股票型,52.1,15.03,1.05,淨值+報酬率
healthcare,,iShares那斯達克生技指數IBB.US,2026-08-11,199.74,美元,美國,市場指數,52.0,15.76,0.78,淨值+報酬率
japan,,安本基金-日本永續股票基金A累積美元避險,2026-08-11,43.6149,美元,日本,股票型,51.01,14.6,1.03,淨值+報酬率
japan,,法巴日本股票基金H(美元),2026-08-10,434.24,美元,日本,股票型,50.13,12.37,1.05,淨值+報酬率
japan,,聯博-亞洲股票基金AD月配南非幣避險級別(基金之配息來源可能為本金),2026-08-11,143.71,南非幣,亞洲不含日本,股票型,49.71,8.47,0.63,淨值+報酬率
japan,,法巴日本小型股票基金H(美元),2026-08-10,695.55,美元,日本,中小型股,49.56,13.34,1.04,淨值+報酬率
japan,,安聯亞太高息股票基金-AM穩定月收類股(歐元)(本基金之配息來源可能為本金且無保證收益及配息),2026-08-11,15.6032,歐元,亞洲不含日本,股票型,49.35,21.29,0.73,淨值+報酬率
japan,,聯博-亞洲股票基金S1級別美元(基金之配息來源可能為本金),2026-08-11,49.76,美元,亞洲不含日本,股票型,49.34,8.39,0.62,淨值+報酬率
healthcare,,摩根基金-基因治療主題基金A股(美元)(累計),2026-08-11,130.88,美元,全球,健康護理股,49.29,14.1,0.63,淨值+報酬率
japan,,安聯亞太高息股票基金-A配息類股(歐元)(本基金之配息來源可能為本金且無保證收益及配息),2026-08-11,223.55,歐元,亞洲不含日本,股票型,49.24,21.22,0.73,淨值+報酬率
japan,,聯博-亞洲股票基金I級別美元(基金之配息來源可能為本金),2026-08-11,48.47,美元,亞洲不含日本,股票型,49.14,8.31,0.62,淨值+報酬率
japan,,法巴亞洲(日本除外)股票基金/年配 (歐元)(基金之配息來源可能為本金，本基金非屬環境、社會、治理相關主題基金),2026-08-11,615.26,歐元,亞洲不含日本,股票型,48.94,23.39,0.57,淨值+報酬率
japan,,法巴亞洲(日本除外)股票基金 C (歐元)(本基金非屬環境、社會、治理相關主題基金),2026-08-11,1138.86,歐元,亞洲不含日本,股票型,48.86,23.36,0.57,淨值+報酬率
japan,,聯博-亞洲股票基金A級別歐元(基金之配息來源可能為本金),2026-08-11,36.68,歐元,亞洲不含日本,股票型,48.74,10.92,0.63,淨值+報酬率
japan,,聯博-亞洲股票基金AD級別歐元(基金之配息來源可能為本金),2026-08-11,20.08,歐元,亞洲不含日本,股票型,48.72,10.95,0.63,淨值+報酬率
japan,,法巴亞洲(日本除外)股票基金 C (美元)(本基金非屬環境、社會、治理相關主題基金),2026-08-11,258.19,美元,亞洲不含日本,股票型,48.35,20.07,0.55,淨值+報酬率
japan,,駿利亨德森遠見基金-日本小型公司基金I2美元避險,2026-08-11,212.97,美元,日本,中小型股,48.34,17.39,1.14,淨值+報酬率
japan,,法巴亞洲(日本除外)股票基金/月配 (美元)(基金之配息來源可能為本金，本基金非屬環境、社會、治理相關主題基金),2026-08-11,154.66,美元,亞洲不含日本,股票型,48.33,20.07,0.55,淨值+報酬率
japan,,富蘭克林坦伯頓全球投資系列亞洲成長基金美元A(acc),2026-08-11,61.61,美元,亞太不含日本,股票型,48.28,16.6,0.57,淨值+報酬率
japan,,富蘭克林坦伯頓全球投資系列亞洲成長基金美元A(Ydis),2026-08-11,55.96,美元,亞太不含日本,股票型,48.28,16.61,0.57,淨值+報酬率
japan,,聯博-亞洲股票基金AD級別美元(基金之配息來源可能為本金),2026-08-11,22.82,美元,亞洲不含日本,股票型,47.97,7.88,0.61,淨值+報酬率
japan,,聯博-亞洲股票基金A級別美元(基金之配息來源可能為本金),2026-08-11,42.37,美元,亞洲不含日本,股票型,47.89,7.84,0.6,淨值+報酬率
japan,,安聯亞太高息股票基金-AM穩定月收類股(美元)(本基金之配息來源可能為本金且無保證收益及配息),2026-08-11,12.3136,美元,亞洲不含日本,股票型,47.79,17.35,0.65,淨值+報酬率
japan,,駿利亨德森遠見基金-日本小型公司基金A2美元避險,2026-08-11,130.45,美元,日本,中小型股,47.42,17.17,1.13,淨值+報酬率
japan,,安聯日本股票基金-AT累積類股(美元避險),2026-08-10,39.8683,美元,日本,股票型,47.25,14.75,1.02,淨值+報酬率
japan,,安本基金-日本永續股票基金X累積日圓,2026-08-11,58.7532,日圓,日本,股票型,47.07,13.17,0.96,淨值+報酬率
japan,,聯博-亞洲股票基金AD月配英鎊避險級別(基金之配息來源可能為本金),2026-08-11,19.95,英鎊,亞洲不含日本,股票型,46.99,7.51,0.6,淨值+報酬率
japan,,富蘭克林坦伯頓全球投資系列亞洲成長基金美元F(Acc),2026-08-11,16.7,美元,亞太不含日本,股票型,46.88,16.05,0.56,淨值+報酬率
japan,,瀚亞投資-日本動力股票基金C(美元),2026-08-10,49.39,美元,日本,股票型,46.67,12.72,0.63,淨值+報酬率
japan,,宏利環球基金-亞洲股票基金AA股(本基金非屬環境、社會及治理相關主題之境外基金),2026-08-11,2.2081,美元,亞洲不含日本,股票型,46.67,14.78,0.58,淨值+報酬率
japan,,聯博-亞洲股票基金A澳幣避險級別(基金之配息來源可能為本金),2026-08-11,38.97,澳幣,亞洲不含日本,股票型,46.61,7.65,0.6,淨值+報酬率
japan,,聯博-亞洲股票基金AD月配澳幣避險級別(基金之配息來源可能為本金),2026-08-11,18.54,澳幣,亞洲不含日本,股票型,46.61,7.73,0.6,淨值+報酬率
japan,,聯博-亞洲股票基金ED月配級別美元(基金之配息來源可能為本金),2026-08-11,19.36,美元,亞洲不含日本,股票型,46.47,7.32,0.59,淨值+報酬率
usa,,美盛銳思美國小型公司機會基金優類股美元累積型,2026-08-11,623.05,美元,美國,中小型股,46.32,14.78,0.72,淨值+報酬率
japan,,高盛基金III - 高盛亞洲收益基金X股對沖級別澳幣(月配息)(本基金之配息來源可能為本金且並無保證收益及配息),2026-08-11,242.36,澳幣,亞洲不含日本,股票型,46.13,7.38,0.57,淨值+報酬率
japan,,安本基金-日本永續股票基金A累積日圓,2026-08-11,1258.8602,日圓,日本,股票型,45.97,12.75,0.95,淨值+報酬率
japan,,柏瑞環球基金-柏瑞亞洲(日本除外)股票基金Y,2026-08-11,958.8558,美元,亞洲不含日本,股票型,45.89,15.98,0.51,淨值+報酬率
japan,,駿利亨德森遠見基金-日本小型公司基金I2日圓,2026-08-11,16573.66,日圓,日本,中小型股,45.63,17.28,1.06,淨值+報酬率
japan,,先機亞太股票入息基金L類累積股(歐元)(基金之配息來源可能為本金且並無保證收益及配息),2026-08-11,83.1406,歐元,亞太不含日本,股票型,45.56,20.63,0.71,淨值+報酬率
japan,,法巴日本股票基金C(日圓),2026-08-10,15411.0,日圓,日本,股票型,45.55,10.61,0.97,淨值+報酬率
japan,,瀚亞投資-日本動力股票基金A(美元),2026-08-10,36.902,美元,日本,股票型,45.35,12.22,0.61,淨值+報酬率
japan,,霸菱亞洲增長基金-A類歐元配息型,2026-08-11,163.49,歐元,亞太不含日本,股票型,45.35,16.05,0.57,淨值+報酬率
japan,,聯博-亞洲股票基金AD月配加幣避險級別(基金之配息來源可能為本金),2026-08-11,16.23,加幣,亞洲不含日本,股票型,45.12,6.88,0.58,淨值+報酬率
japan,,高盛基金III - 高盛亞洲收益基金X股美元(本基金並無保證收益),2026-08-11,1980.36,美元,亞洲不含日本,股票型,45.08,7.92,0.55,淨值+報酬率
japan,,高盛基金III - 高盛亞洲收益基金X股美元(月配息)(本基金之配息來源可能為本金且並無保證收益及配息),2026-08-11,236.56,美元,亞洲不含日本,股票型,45.07,7.91,0.55,淨值+報酬率
japan,,晉達環球策略基金-亞洲股票基金I累積股份,2026-08-11,65.46,美元,亞洲不含日本,股票型,44.95,13.84,0.58,淨值+報酬率
japan,,施羅德環球基金系列-亞洲優勢(美元)A-累積,2026-08-11,36.9386,美元,亞太不含日本,股票型,44.9,12.66,0.58,淨值+報酬率
japan,,施羅德環球基金系列-亞洲優勢(美元)A-年配浮動(基金之配息來源可能為本金),2026-08-11,26.3847,美元,亞太不含日本,股票型,44.9,12.66,0.58,淨值+報酬率
japan,,法巴日本小型股票基金C(日圓),2026-08-10,34478.0,日圓,日本,中小型股,44.85,11.46,0.95,淨值+報酬率
japan,,駿利亨德森遠見基金-日本小型公司基金A2日圓,2026-08-11,16987.81,日圓,日本,中小型股,44.79,17.11,1.04,淨值+報酬率
japan,,柏瑞環球基金-柏瑞亞洲(日本除外)股票基金A,2026-08-11,57.6474,美元,亞洲不含日本,股票型,44.73,15.52,0.5,淨值+報酬率
usa,,美盛銳思美國小型公司機會基金A類股美元配息型(A),2026-08-11,1432.38,美元,美國,中小型股,44.72,14.16,0.7,淨值+報酬率
usa,,美盛銳思美國小型公司機會基金A類股美元累積型,2026-08-11,471.65,美元,美國,中小型股,44.72,14.15,0.7,淨值+報酬率
japan,,瀚亞投資-亞洲股票收益基金Azdmc1(南非幣避險穩定月配)(本基金配息來源可能為本金),2026-08-11,11.24,南非幣,亞太不含日本,股票型,44.72,11.62,0.69,淨值+報酬率
japan,,施羅德環球基金系列-日本優勢(美元避險)A-累積,2026-08-10,57.5172,美元,日本,股票型,44.46,11.48,0.94,淨值+報酬率
japan,,先機亞太股票入息基金L類收益股(美元穩定配息) (基金之配息來源可能為本金且並無保證收益及配息),2026-08-11,16.0156,美元,亞太不含日本,股票型,44.45,16.96,0.62,淨值+報酬率
japan,,聯博-亞洲股票基金AD月配紐幣避險級別(基金之配息來源可能為本金),2026-08-11,20.16,紐幣,亞洲不含日本,股票型,44.34,6.51,0.57,淨值+報酬率
japan,,先機亞太股票入息基金L類累積股(美元)(基金之配息來源可能為本金且並無保證收益及配息),2026-08-11,8.8065,美元,亞太不含日本,股票型,44.26,16.91,0.62,淨值+報酬率
japan,,施羅德環球基金系列-亞洲優勢(美元)A1-累積,2026-08-11,33.1283,美元,亞太不含日本,股票型,44.18,12.38,0.58,淨值+報酬率
japan,,霸菱亞洲增長基金-A類美元配息型,2026-08-11,188.62,美元,亞太不含日本,股票型,-27.66,-5.86,0.52,淨值+報酬率
japan,,安聯亞洲總回報股票基金-IT2累積類股(美元),2026-08-11,2351.66,美元,亞洲不含日本,股票型,43.95,13.34,0.52,淨值+報酬率
japan,,法巴日本小型股票基金N(日圓),2026-08-10,28251.0,日圓,日本,中小型股,43.76,11.05,0.93,淨值+報酬率
japan,,施羅德環球基金系列-日本優勢(美元避險)A1-累積,2026-08-10,53.9039,美元,日本,股票型,43.74,11.21,0.93,淨值+報酬率
healthcare,,駿利亨德森資產管理基金-駿利亨德森環球生命科技基金I2美元,2026-08-11,87.22,美元,全球,健康護理股,43.74,10.48,0.77,淨值+報酬率
japan,,高盛基金III - 高盛亞洲收益基金Y股美元(月配息)(本基金之配息來源可能為本金且並無保證收益及配息),2026-08-11,228.17,美元,亞洲不含日本,股票型,43.64,7.37,0.53,淨值+報酬率
japan,,晉達環球策略基金-亞洲股票基金A累積股份,2026-08-11,55.19,美元,亞洲不含日本,股票型,43.61,13.33,0.57,淨值+報酬率
japan,,百達-亞洲股票(不含日本)-I美元,2026-08-11,550.32,美元,亞洲不含日本,股票型,43.45,14.11,0.48,淨值+報酬率
japan,,霸菱亞洲增長基金-A類英鎊配息型,2026-08-11,139.71,英鎊,亞太不含日本,股票型,43.42,14.05,0.55,淨值+報酬率
usa,,美盛銳思美國小型公司機會基金A類股澳幣累積型(避險),2026-08-11,336.06,澳幣,美國,中小型股,43.19,13.76,0.68,淨值+報酬率
japan,,安聯日本股票基金-AT累積類股(日圓),2026-08-10,3291.69,日圓,日本,股票型,43.05,13.16,0.96,淨值+報酬率
japan,,先機亞太股票入息基金C2類收益股(美元穩定配息) (基金之配息來源可能為本金且並無保證收益及配息),2026-08-11,15.609,美元,亞太不含日本,股票型,42.95,16.37,0.6,淨值+報酬率
japan,,安聯日本股票基金-AMf2固定月配類股(日圓)(基金之配息來源可能為本金),2026-08-10,3256.31,日圓,日本,股票型,42.86,13.12,0.96,淨值+報酬率
japan,,先機亞太股票入息基金C2類累積股(美元)(基金之配息來源可能為本金且並無保證收益及配息),2026-08-11,15.6457,美元,亞太不含日本,股票型,42.84,16.34,0.6,淨值+報酬率
japan,,先機亞太股票入息基金B類累積股(美元)(基金之配息來源可能為本金且並無保證收益及配息),2026-08-11,82.3793,美元,亞太不含日本,股票型,42.84,16.34,0.6,淨值+報酬率
japan,,瀚亞投資-亞洲股票收益基金Admc1(美元穩定月配)(本基金配息來源可能為本金),2026-08-11,9.922,美元,亞太不含日本,股票型,42.78,11.1,0.66,淨值+報酬率
japan,,摩根亞洲增長基金數位級別(美元)(累計),2026-08-11,17.1,美元,亞太不含日本,股票型,42.74,11.84,0.56,淨值+報酬率
japan,,瀚亞投資-亞洲股票收益基金A(美元),2026-08-11,22.584,美元,亞太不含日本,股票型,42.69,11.05,0.66,淨值+報酬率
usa,,iShares美國數位基礎設施與房地產IDGT.US,2026-08-11,117.4997,美元,美國,市場指數,42.68,28.61,0.53,淨值+報酬率
healthcare,,駿利亨德森資產管理基金-駿利亨德森環球生命科技基金A2美元,2026-08-11,69.94,美元,全球,健康護理股,42.56,10.04,0.75,淨值+報酬率
japan,,安聯亞洲總回報股票基金-AMg穩定月收總收益類股(美元)(基金之配息來源可能為本金),2026-08-11,13.7778,美元,亞洲不含日本,股票型,42.55,12.79,0.51,淨值+報酬率
japan,,晉達環球策略基金-亞洲股票基金C收益股份,2026-08-11,99.27,美元,亞洲不含日本,股票型,42.55,12.91,0.56,淨值+報酬率
japan,,安聯亞洲總回報股票基金-AM穩定月收類股(美元)(基金之配息來源可能為本金),2026-08-11,16.8802,美元,亞洲不含日本,股票型,42.53,12.78,0.51,淨值+報酬率
japan,,景順日本股票優勢基金C(美元對沖)股美元,2026-08-11,30.8,美元,日本,股票型,42.53,15.44,1.08,淨值+報酬率
japan,,富達基金-日本價值基金(A股累計美元避險),2026-08-11,54.06,美元,日本,股票型,42.53,4.14,0.59,淨值+報酬率
japan,,百達-亞洲股票(不含日本)-R歐元,2026-08-11,338.48,歐元,亞洲不含日本,股票型,42.5,16.48,0.48,淨值+報酬率
japan,,安聯亞洲總回報股票基金-A配息類股(美元)(基金之配息來源可能為本金),2026-08-11,53.8931,美元,亞洲不含日本,股票型,42.49,12.77,0.51,淨值+報酬率
japan,,先機亞太股票入息基金C類累積股(美元)(基金之配息來源可能為本金且並無保證收益及配息),2026-08-11,76.6699,美元,亞太不含日本,股票型,42.13,16.05,0.59,淨值+報酬率
healthcare,,安聯全球生物科技基金-A配息類股(歐元),2026-08-11,257.44,歐元,全球,生物科技,41.88,15.4,0.44,淨值+報酬率
japan,,施羅德環球基金系列-亞洲總回報(美元)A-累積,2026-08-11,592.9141,美元,亞洲不含日本,股票型,41.7,17.18,0.57,淨值+報酬率
japan,,摩根亞洲增長基金,2026-08-11,29.14,美元,亞太不含日本,股票型,41.59,11.39,0.55,淨值+報酬率
japan,,百達-亞洲股票(不含日本)-R美元,2026-08-11,390.95,美元,亞洲不含日本,股票型,41.59,13.37,0.46,淨值+報酬率
japan,,摩根基金-亞太股票基金A股(美元)(累計),2026-08-11,45.98,美元,亞洲不含日本,股票型,41.52,11.74,0.62,淨值+報酬率
japan,,施羅德環球基金系列-日本優勢(歐元避險)A-累積,2026-08-10,47.2385,歐元,日本,股票型,41.5,10.32,0.89,淨值+報酬率
japan,,景順日本股票優勢基金A(美元對沖)股美元,2026-08-11,29.04,美元,日本,股票型,41.38,14.96,1.05,淨值+報酬率
healthcare,,駿利亨德森資產管理基金-駿利亨德森環球生命科技基金T2美元,2026-08-11,15.15,美元,全球,健康護理股,41.19,9.54,0.73,淨值+報酬率
healthcare,,駿利亨德森資產管理基金-駿利亨德森環球生命科技基金B2美元,2026-08-11,53.48,美元,全球,健康護理股,41.15,9.48,0.73,淨值+報酬率
japan,,瀚亞投資-亞洲股票收益基金Aadmc1(澳幣避險穩定月配)(本基金配息來源可能為本金),2026-08-11,8.899,澳幣,亞太不含日本,股票型,41.04,10.56,0.64,淨值+報酬率
japan,,施羅德環球基金系列-亞洲總回報(美元)A1-累積,2026-08-11,545.7097,美元,亞洲不含日本,股票型,41.0,16.9,0.56,淨值+報酬率
japan,,施羅德環球基金系列-新興亞洲(歐元)A-累積,2026-08-11,70.1625,歐元,亞洲不含日本,股票型,40.93,12.59,0.54,淨值+報酬率
japan,,富達基金-日本價值基金(B股累計美元避險),2026-08-11,20.11,美元,日本,股票型,40.93,3.5,0.57,淨值+報酬率
japan,,安聯亞洲總回報股票基金-AM穩定月收類股(澳幣避險)(基金之配息來源可能為本金),2026-08-11,14.3069,澳幣,亞洲不含日本,股票型,40.85,12.31,0.5,淨值+報酬率
japan,,安本基金-日本小型公司永續股票基金X累積美元避險,2026-08-11,32.5904,美元,日本,股票型,40.66,10.05,0.85,淨值+報酬率
healthcare,,駿利亨德森資產管理基金-駿利亨德森環球生命科技基金I2歐元避險,2026-08-11,57.11,歐元,全球,健康護理股,40.63,9.36,0.72,淨值+報酬率
japan,,安盛投資管理股票基金-安盛投資管理日本股票基金B,2026-08-10,2918.74,日圓,日本,股票型,40.61,13.92,0.82,淨值+報酬率
japan,,利安資金日本增長基金A美元避險級別,2026-08-07,5.095,美元,日本,股票型,40.51,12.42,1.23,淨值+報酬率
japan,,瀚亞投資-亞洲股票收益基金T3dmc1(美元後收穩定月配)(本基金配息來源可能為本金),2026-08-11,14.716,美元,亞太不含日本,股票型,40.5,10.54,0.64,淨值+報酬率
japan,,百達-日本精選-HI美元,2026-08-10,409.59,美元,日本,股票型,40.4,10.4,0.94,淨值+報酬率
japan,,施羅德環球基金系列-新興亞洲(歐元)A1-累積,2026-08-11,63.4001,歐元,亞洲不含日本,股票型,40.23,12.32,0.53,淨值+報酬率
japan,,施羅德環球基金系列-新興亞洲(美元)A-累積,2026-08-11,81.0442,美元,亞洲不含日本,股票型,40.0,9.53,0.5,淨值+報酬率
japan,,施羅德環球基金系列-日本優勢(日圓)A-累積,2026-08-10,4989.2828,日圓,日本,股票型,40.0,9.76,0.86,淨值+報酬率
japan,,荷寶資本成長基金-荷寶亞太優越股票D歐元,2026-08-07,341.44,歐元,太平洋地區(含日本),股票型,39.92,10.94,0.66,淨值+報酬率
japan,,安本基金-日本小型公司永續股票基金A累積美元避險,2026-08-11,49.1276,美元,日本,股票型,39.58,9.62,0.83,淨值+報酬率
healthcare,,駿利亨德森資產管理基金-駿利亨德森環球生命科技基金A2歐元避險,2026-08-11,55.47,歐元,全球,健康護理股,39.48,8.94,0.7,淨值+報酬率
japan,,富達基金-日本價值基金(Y股累計日圓),2026-08-11,7586.0,日圓,日本,股票型,39.47,3.1,0.56,淨值+報酬率
japan,,瀚亞投資-亞洲股票收益基金Andmc1(紐幣避險穩定月配)(本基金配息來源可能為本金),2026-08-11,9.195,紐幣,亞太不含日本,股票型,39.34,9.69,0.62,淨值+報酬率
japan,,施羅德環球基金系列-新興亞洲(美元)A1-累積,2026-08-11,73.1986,美元,亞洲不含日本,股票型,39.31,9.26,0.49,淨值+報酬率
japan,,施羅德環球基金系列-日本優勢(日圓)A1-累積,2026-08-10,4490.9754,日圓,日本,股票型,39.29,9.48,0.85,淨值+報酬率
japan,,荷寶資本成長基金-荷寶亞太優越股票D美元,2026-08-07,398.4,美元,太平洋地區(含日本),股票型,39.08,8.44,0.56,淨值+報酬率
japan,,普徠仕(盧森堡)系列基金-普徠仕亞洲(日本除外)股票基金I級別(美元),2026-08-11,42.31,美元,亞洲不含日本,股票型,38.99,13.8,0.49,淨值+報酬率
japan,,普徠仕(盧森堡)系列基金-普徠仕亞洲(日本除外)股票基金Q級別(美元),2026-08-11,24.37,美元,亞洲不含日本,股票型,38.94,13.77,0.49,淨值+報酬率
japan,,施羅德環球基金系列-新興亞洲(美元)U-累積,2026-08-11,140.2553,美元,亞洲不含日本,股票型,38.6,8.98,0.48,淨值+報酬率
japan,,瀚亞投資-亞洲股票基金A(美元),2026-08-11,33.135,美元,亞太不含日本,股票型,38.47,8.43,0.55,淨值+報酬率
japan,,荷寶資本成長基金-荷寶亞太優越股票M美元,2026-08-07,254.6,美元,太平洋地區(含日本),股票型,38.41,8.17,0.55,淨值+報酬率
japan,,富達基金-太平洋基金(A股美元避險),2026-08-11,24.67,美元,太平洋地區(含日本),股票型,38.36,8.49,0.65,淨值+報酬率
japan,,富達基金-日本價值基金(A2股日圓),2026-08-11,11475.9,日圓,日本,股票型,38.31,2.68,0.55,淨值+報酬率
japan,,景順日本股票優勢基金A(歐元對沖)股歐元,2026-08-11,37.98,歐元,日本,股票型,38.11,13.71,0.97,淨值+報酬率
usa,,iShares羅素2000指數IWM.US,2026-08-11,300.99,美元,美國,市場指數,38.07,14.08,0.69,淨值+報酬率
japan,,新加坡大華亞太增長基金-USD,2026-08-07,2.2587,美元,太平洋地區(含日本),股票型,38.05,13.25,0.56,淨值+報酬率
japan,,普徠仕(盧森堡)系列基金-普徠仕亞洲(日本除外)股票基金A級別(美元),2026-08-11,25.39,美元,亞洲不含日本,股票型,37.84,13.3,0.48,淨值+報酬率
japan,,景順日本股票優勢基金C股日圓,2026-08-11,12972.0,日圓,日本,股票型,37.72,13.61,0.96,淨值+報酬率
usa,,美盛銳思美國小型公司基金A類股歐元配息型(A),2026-08-11,364.79,歐元,美國,中小型股,37.56,9.6,0.59,淨值+報酬率
usa,,美盛銳思美國小型公司基金A類股歐元累積型,2026-08-11,515.32,歐元,美國,中小型股,37.56,9.61,0.59,淨值+報酬率
japan,,摩根士丹利亞洲股票基金A(美元)(本基金非屬環境、社會、治理相關主題基金),2026-08-11,107.76,美元,亞太不含日本,股票型,37.45,11.26,0.46,淨值+報酬率
japan,,新加坡大華亞太增長基金,2026-08-07,2.8883,新幣,太平洋地區(含日本),股票型,37.31,13.92,0.6,淨值+報酬率
japan,,富達基金-亞洲股票ESG基金(Y股累計美元),2026-08-11,25.51,美元,亞洲不含日本,股票型,37.3,10.48,0.57,淨值+報酬率
japan,,貝萊德亞洲巨龍基金A2歐元,2026-08-11,63.56,歐元,亞洲不含日本,股票型,37.25,13.04,0.47,淨值+報酬率
japan,,利安資金日本增長基金A新元避險級別,2026-08-07,4.976,新幣,日本,股票型,37.08,11.27,1.16,淨值+報酬率
japan,,施羅德環球基金系列-亞洲股息基金(美元)C-累積,2026-08-11,258.8034,美元,亞太不含日本,股票型,37.02,10.51,0.72,淨值+報酬率
japan,,富達基金-亞洲股票ESG基金(A股歐元),2026-08-11,13.93,歐元,亞洲不含日本,股票型,36.98,13.26,0.58,淨值+報酬率
japan,,富達基金-日本價值基金(B股日圓),2026-08-11,1757.0,日圓,日本,股票型,36.94,2.15,0.53,淨值+報酬率
japan,,富達基金-亞洲股票ESG基金(A股累計歐元),2026-08-11,47.34,歐元,亞洲不含日本,股票型,36.94,13.28,0.58,淨值+報酬率
japan,,利安資金日本增長基金A級別日元,2026-08-07,434.0,日圓,日本,股票型,36.91,11.28,1.14,淨值+報酬率
usa,,美盛銳思美國小型公司基金A類股美元累積型,2026-08-11,341.22,美元,美國,中小型股,36.86,6.59,0.5,淨值+報酬率
japan,,瀚亞投資-亞洲動力股票基金A(美元),2026-08-11,17.532,美元,亞洲不含日本,股票型,36.84,6.71,0.56,淨值+報酬率
usa,,美盛銳思美國小型公司基金A類股美元配息型(A),2026-08-11,576.91,美元,美國,中小型股,36.81,6.57,0.5,淨值+報酬率
japan,,景順日本股票優勢基金A股日圓,2026-08-11,11145.0,日圓,日本,股票型,36.66,13.18,0.93,淨值+報酬率
usa,,施羅德環球基金系列-美國中小型股票(歐元)A-累積,2026-08-11,517.0719,歐元,美國,中小型股,36.62,10.87,0.82,淨值+報酬率
japan,,路博邁投資基金-NB日本股票基金I累積類股(美元),2026-08-10,19.01,美元,日本,股票型,36.57,11.63,0.94,淨值+報酬率
japan,,施羅德環球基金系列-亞洲收益股票(南非幣避險)A-月配固定(C)(基金之配息來源可能為本金),2026-08-11,465.7875,南非幣,亞洲不含日本,股票型,36.42,11.37,0.66,淨值+報酬率
japan,,貝萊德亞洲巨龍基金A2美元,2026-08-11,73.37,美元,亞洲不含日本,股票型,36.35,10.02,0.45,淨值+報酬率
japan,,瀚亞投資-亞太股票基金A(美元),2026-08-11,17.172,美元,亞太不含日本,股票型,36.25,7.84,0.59,淨值+報酬率
japan,,富達基金-亞洲股票ESG基金(A股累計美元),2026-08-11,43.03,美元,亞洲不含日本,股票型,36.21,10.02,0.55,淨值+報酬率
japan,,百達-日本精選-I日元,2026-08-10,47414.93,日圓,日本,股票型,36.2,8.81,0.85,淨值+報酬率
japan,,富達基金-亞洲股票ESG基金(A股美元),2026-08-11,16.07,美元,亞洲不含日本,股票型,36.19,10.07,0.55,淨值+報酬率
japan,,安本基金-日本小型公司永續股票基金X累積日圓,2026-08-11,59.92,日圓,日本,股票型,36.08,8.34,0.77,淨值+報酬率
japan,,百達-日本精選-HR歐元,2026-08-10,245.74,歐元,日本,股票型,35.99,8.66,0.85,淨值+報酬率
usa,,施羅德環球基金系列-美國中小型股票(歐元)A1-累積,2026-08-11,470.2903,歐元,美國,中小型股,35.93,10.59,0.81,淨值+報酬率
japan,,施羅德環球基金系列-亞洲股息基金(美元)A-月配固定(基金之配息來源可能為本金且並無保證收益及配息),2026-08-11,94.5386,美元,亞太不含日本,股票型,35.92,10.04,0.7,淨值+報酬率
japan,,施羅德環球基金系列-亞洲股息基金(美元)A-累積,2026-08-11,232.8464,美元,亞太不含日本,股票型,35.92,10.04,0.7,淨值+報酬率
japan,,M＆G日本基金A(歐元),2026-08-11,39.136,歐元,日本,股票型,35.89,9.04,0.67,淨值+報酬率
japan,,M＆G日本小型股基金A(歐元),2026-08-11,66.822,歐元,日本,中小型股,35.77,12.85,0.62,淨值+報酬率
usa,,施羅德環球基金系列-美國中小型股票(美元)A-累積,2026-08-11,600.522,美元,美國,中小型股,35.71,7.85,0.62,淨值+報酬率
japan,,富達基金-太平洋基金(Y股累計歐元),2026-08-11,32.8,歐元,太平洋地區(含日本),股票型,35.59,10.1,0.6,淨值+報酬率
japan,,貝萊德亞洲巨龍基金A2英鎊,2026-08-11,54.34,英鎊,亞洲不含日本,股票型,35.55,11.28,0.47,淨值+報酬率
japan,,施羅德環球基金系列-日本股票(美元避險)A-累積,2026-08-10,444.0823,美元,日本,股票型,35.49,6.11,0.72,淨值+報酬率
japan,,路博邁投資基金-NB日本股票基金A累積類股(美元),2026-08-10,18.14,美元,日本,股票型,35.37,11.15,0.91,淨值+報酬率
japan,,法巴日本股票基金C(美元),2026-08-10,96.95,美元,日本,股票型,35.35,7.3,0.59,淨值+報酬率
japan,,安聯亞洲多元收益基金-IT累積類股(美元)(本基金有相當比重投資於非投資等級之高風險債券),2026-08-11,25.7095,美元,亞洲不含日本,平衡型,35.12,12.83,0.74,淨值+報酬率
japan,,安本基金-日本小型公司永續股票基金A累積日圓,2026-08-11,3248.1698,日圓,日本,股票型,35.07,7.94,0.75,淨值+報酬率
usa,,施羅德環球基金系列-美國中小型股票(美元)A1-累積,2026-08-11,544.3137,美元,美國,中小型股,35.04,7.59,0.61,淨值+報酬率
usa,,聯博-美國價值基金A級別美元,2026-08-11,23.01,美元,美國,股票型,35.04,11.16,0.79,淨值+報酬率
japan,,駿利亨德森遠見基金-日本小型公司基金I2美元,2026-08-11,121.43,美元,日本,中小型股,35.03,12.98,0.64,淨值+報酬率
japan,,施羅德環球基金系列-亞洲收益股票(南非幣避險)U-月配固定(C)(基金之配息來源可能為本金),2026-08-11,431.1812,南非幣,亞洲不含日本,股票型,35.01,10.79,0.64,淨值+報酬率
japan,,高盛基金III - 高盛日本股票基金X股對沖級別美元,2026-08-07,754.76,美元,日本,股票型,34.98,10.17,0.87,淨值+報酬率
japan,,施羅德環球基金系列-亞洲收益股票(美元)A-累積,2026-08-11,62.6905,美元,亞洲不含日本,股票型,34.98,11.02,0.64,淨值+報酬率
japan,,施羅德環球基金系列-亞洲收益股票(美元)A-月配固定(基金之配息來源可能為本金),2026-08-11,29.7156,美元,亞洲不含日本,股票型,34.98,11.03,0.64,淨值+報酬率
japan,,富達基金-新興亞洲基金(Y股累計美元),2026-08-11,66.75,美元,亞洲不含日本,股票型,34.88,8.73,0.48,淨值+報酬率
japan,,貝萊德亞洲巨龍基金Hedged A2澳幣,2026-08-11,21.47,澳幣,亞洲不含日本,股票型,34.86,9.43,0.44,淨值+報酬率
japan,,富達基金-亞洲股票ESG基金(B股累計美元),2026-08-11,17.69,美元,亞太不含日本,股票型,34.83,9.47,0.53,淨值+報酬率
japan,,富達基金-太平洋基金(Y股累計美元),2026-08-11,38.71,美元,太平洋地區(含日本),股票型,34.83,6.96,0.5,淨值+報酬率
japan,,富達基金-太平洋基金(Y股美元),2026-08-11,26.06,美元,太平洋地區(含日本),股票型,34.79,6.97,0.5,淨值+報酬率
japan,,百達-日本精選-R日元,2026-08-10,37076.97,日圓,日本,股票型,34.69,8.22,0.82,淨值+報酬率
japan,,施羅德環球基金系列-亞洲股息基金(澳幣避險)A-月配固定(C)(基金之配息來源可能為本金且並無保證收益及配息),2026-08-11,91.4507,澳幣,亞太不含日本,股票型,34.54,9.62,0.68,淨值+報酬率
japan,,貝萊德日本特別時機基金Hedged A2美元,2026-08-11,40.91,美元,日本,股票型,34.53,5.03,0.68,淨值+報酬率
japan,,富達基金-新興亞洲基金(A股歐元),2026-08-11,46.41,歐元,亞洲不含日本,股票型,34.48,11.46,0.52,淨值+報酬率
japan,,富達基金-新興亞洲基金(A股累計歐元),2026-08-11,46.65,歐元,亞洲不含日本,股票型,34.48,11.47,0.52,淨值+報酬率
japan,,施羅德環球基金系列-日本股票(美元避險)A1-累積,2026-08-10,370.4355,美元,日本,股票型,34.48,5.72,0.7,淨值+報酬率
japan,,富達基金-日本股票ESG基金(A股累計美元避險),2026-08-11,36.34,美元,日本,股票型,34.39,8.8,0.61,淨值+報酬率
japan,,駿利亨德森遠見基金-日本小型公司基金A2美元,2026-08-11,106.3,美元,日本,中小型股,34.35,12.9,0.63,淨值+報酬率
japan,,安聯日本股票基金-IT累積類股(美元),2026-08-10,51.3902,美元,日本,股票型,34.35,11.24,0.59,淨值+報酬率
japan,,施羅德環球基金系列-亞洲收益股票(美元)A1-累積,2026-08-11,56.594,美元,亞洲不含日本,股票型,34.31,10.75,0.63,淨值+報酬率
japan,,施羅德環球基金系列-亞洲收益股票(美元)A1-月配固定(基金之配息來源可能為本金),2026-08-11,26.2235,美元,亞洲不含日本,股票型,34.31,10.75,0.63,淨值+報酬率
japan,,安聯亞洲多元收益基金-AMg穩定月收總收益類股(美元)(本基金有相當比重投資於非投資等級之高風險債券且配息來源可能為本金),2026-08-11,9.3935,美元,亞洲不含日本,平衡型,34.28,12.49,0.73,淨值+報酬率
japan,,安聯亞洲多元收益基金-AT累積類股(美元)(本基金有相當比重投資於非投資等級之高風險債券),2026-08-11,18.2726,美元,亞洲不含日本,平衡型,34.25,12.46,0.72,淨值+報酬率
japan,,富達基金-亞太入息基金(Y股累計美元)(本基金並無保證收益及配息),2026-08-11,31.66,美元,亞太不含日本,股票型,33.93,7.47,0.62,淨值+報酬率
japan,,富達基金-新興亞洲基金(A股累計美元),2026-08-11,34.12,美元,亞洲不含日本,股票型,33.75,8.25,0.47,淨值+報酬率
japan,,景順亞洲動力基金C股美元,2026-08-11,34.17,美元,亞洲不含日本,股票型,33.74,9.1,0.74,淨值+報酬率
japan,,景順亞洲動力基金C-年配息股美元,2026-08-11,18.72,美元,亞洲不含日本,股票型,33.73,9.11,0.74,淨值+報酬率
japan,,富達基金-新興亞洲基金(A股美元),2026-08-11,33.76,美元,亞洲不含日本,股票型,33.7,8.24,0.47,淨值+報酬率
japan,,富達基金-太平洋基金(A股美元),2026-08-11,63.8,美元,太平洋地區(含日本),股票型,-25.73,-2.36,0.49,淨值+報酬率
japan,,施羅德環球基金系列-亞洲收益股票(美元)U-累積,2026-08-11,57.9904,美元,亞洲不含日本,股票型,33.65,10.48,0.62,淨值+報酬率
japan,,施羅德環球基金系列-亞洲收益股票(美元)U-月配固定(基金之配息來源可能為本金),2026-08-11,27.5768,美元,亞洲不含日本,股票型,33.64,10.47,0.62,淨值+報酬率
usa,,施羅德環球基金系列-美國小型公司影響力(美元)A-累積,2026-08-11,302.1484,美元,美國,中小型股,33.59,11.4,0.66,淨值+報酬率
japan,,安本基金-亞太永續股票基金X累積美元,2026-08-11,20.9252,美元,亞洲不含日本,股票型,33.48,9.7,0.48,淨值+報酬率
japan,,施羅德環球基金系列-亞洲收益股票(澳幣避險)A-月配固定(C)(基金之配息來源可能為本金),2026-08-11,46.776,澳幣,亞洲不含日本,股票型,33.44,10.49,0.61,淨值+報酬率
japan,,富達基金-亞太入息基金(A股H月配息澳幣避險)(本基金之配息來源可能為本金且並無保證收益及配息),2026-08-11,20.43,澳幣,亞太不含日本,股票型,33.41,7.89,0.74,淨值+報酬率
healthcare,,瑞銀(盧森堡)健康轉型基金(美元)(本基金非屬環境、社會及治理相關主題基金),2026-08-10,548.35,美元,全球,健康護理股,33.27,6.62,0.71,淨值+報酬率
japan,,景順日本小型企業基金A(美元對沖)股美元,2026-08-11,38.03,美元,日本,中小型股,33.2,17.34,0.58,淨值+報酬率
japan,,安聯日本股票基金-A配息類股(美元)(基金之配息來源可能為本金),2026-08-10,39.2166,美元,日本,股票型,33.15,10.74,0.57,淨值+報酬率
japan,,施羅德環球基金系列-亞洲股票(美元)A-累積(本基金非屬環境、社會及治理相關主題基金),2026-08-11,157.205,美元,亞太不含日本,股票型,33.01,8.05,0.42,淨值+報酬率
japan,,景順亞洲動力基金A-穩定月配息股美元(基金之配息來源可能為本金),2026-08-11,14.6,美元,亞洲不含日本,股票型,33.0,8.81,0.73,淨值+報酬率
japan,,景順亞洲動力基金A-年配息股美元,2026-08-11,17.71,美元,亞洲不含日本,股票型,32.95,8.81,0.73,淨值+報酬率
usa,,普徠仕(盧森堡)系列基金-普徠仕美國大型價值股票基金Q級別(美元),2026-08-11,39.3,美元,美國,股票型,32.95,16.0,0.93,淨值+報酬率
usa,,普徠仕(盧森堡)系列基金-普徠仕美國大型價值股票基金I級別(美元),2026-08-11,65.99,美元,美國,股票型,32.94,16.02,0.93,淨值+報酬率
usa,,施羅德環球基金系列-美國小型公司影響力(美元)A1-累積,2026-08-11,270.0193,美元,美國,中小型股,32.92,11.12,0.65,淨值+報酬率
japan,,安聯亞洲多元收益基金-AMg穩定月收總收益類股(澳幣避險)(本基金有相當比重投資於非投資等級之高風險債券且配息來源可能為本金),2026-08-11,8.2876,澳幣,亞洲不含日本,平衡型,32.88,12.0,0.7,淨值+報酬率
japan,,富達基金-亞太入息基金(A股美元)(本基金並無保證收益及配息),2026-08-11,43.12,美元,亞太不含日本,股票型,32.83,7.04,0.61,淨值+報酬率
japan,,富達基金-亞太入息基金(A股【F1穩定月配息】美元)(本基金之配息來源可能為本金且並無保證收益及配息),2026-08-11,18.99,美元,亞太不含日本,股票型,32.81,7.04,0.61,淨值+報酬率
japan,,高盛基金III - 高盛日本股票基金Y股對沖級別美元,2026-08-03,646.5,美元,日本,股票型,32.8,7.87,0.57,淨值+報酬率
japan,,施羅德環球基金系列-日本股票(歐元避險)A-累積,2026-08-10,257.0686,歐元,日本,股票型,32.71,4.99,0.66,淨值+報酬率
japan,,安本基金-亞太永續股票基金A累積美元,2026-08-11,131.9256,美元,亞洲不含日本,股票型,32.49,9.29,0.47,淨值+報酬率
japan,,新加坡大華亞洲成長良機基金-USD,2026-08-07,2.8333,美元,亞洲不含日本,中小型股,32.45,11.7,0.47,淨值+報酬率
japan,,路博邁投資基金-NB日本股票基金I累積類股(日圓),2026-08-10,3155.54,日圓,日本,股票型,32.34,10.11,0.86,淨值+報酬率
japan,,安聯亞太收益入息基金-A配息類股(美元)(本基金有相當比重投資於非投資等級之高風險債券且配息來源可能為本金，且無保證收益及配息),2026-08-11,7.4289,美元,太平洋地區(含日本),平衡型,32.18,10.69,0.57,淨值+報酬率
japan,,柏瑞環球基金-柏瑞日本小型公司股票基金Y3,2026-08-10,14441.2124,日圓,日本,中小型股,32.16,12.28,0.95,淨值+報酬率
japan,,施羅德環球基金系列-亞洲收益股票(澳幣避險)U-月配固定(C)(基金之配息來源可能為本金),2026-08-11,43.2868,澳幣,亞洲不含日本,股票型,32.12,9.94,0.59,淨值+報酬率
healthcare,,宏利環球基金-康健護理基金AA股,2026-08-11,3.9222,美元,全球,健康護理股,31.87,5.53,0.67,淨值+報酬率
japan,,匯豐環球投資基金-亞洲股票(日本除外)AD(本基金配息來源可能為本金),2026-08-11,97.192,美元,亞洲不含日本,股票型,-25.42,-4.71,0.42,淨值+報酬率
china,,摩根基金-大中華基金A股(美元)(累計)(已撤銷核備),2026-08-11,67.57,美元,大中華,股票型,-28.24,-8.78,0.51,淨值+報酬率
china,,摩根基金-大中華基金A股(美元)(分派)(已撤銷核備)(本基金之配息來源可能為本金),2026-08-11,78.32,美元,大中華,股票型,-28.26,-8.8,0.51,淨值+報酬率
usa,,普徠仕(盧森堡)系列基金-普徠仕美國大型價值股票基金A級別(美元),2026-08-11,66.07,美元,美國,股票型,31.8,15.51,0.9,淨值+報酬率
japan,,新加坡大華亞洲成長良機基金,2026-08-07,3.6231,新幣,亞洲不含日本,中小型股,31.73,12.35,0.49,淨值+報酬率
japan,,施羅德環球基金系列-日本股票(歐元避險)A1-累積,2026-08-10,221.6344,歐元,日本,股票型,31.71,4.6,0.64,淨值+報酬率
japan,,施羅德環球基金系列-亞洲股票(美元)U-累積(本基金非屬環境、社會及治理相關主題基金),2026-08-11,137.7912,美元,亞太不含日本,股票型,31.69,7.51,0.41,淨值+報酬率
china,,瀚亞投資-大中華股票基金A(美元),2026-08-11,33.852,美元,大中華,股票型,-25.99,-8.81,0.42,淨值+報酬率
japan,,施羅德環球基金系列-亞洲可轉換債券(美元)A-累積(基金主要係投資於非投資等級之高風險債券),2026-08-11,262.0434,美元,亞洲不含日本,可轉換債券,31.63,8.86,0.54,淨值+報酬率
japan,,富達基金-亞太入息基金(B股【F1穩定月配息】美元)(本基金之配息來源可能為本金且並無保證收益及配息),2026-08-11,13.43,美元,亞太不含日本,股票型,31.58,6.56,0.59,淨值+報酬率
china,,景順大中華基金C股美元,2026-08-11,108.34,美元,大中華,股票型,31.5,5.32,0.42,淨值+報酬率
japan,,柏瑞環球基金-柏瑞亞洲(日本除外)小型公司股票基金Y,2026-08-11,1231.7574,美元,亞洲不含日本,中小型股,31.5,15.47,0.42,淨值+報酬率
japan,,施羅德環球基金系列-日本股票(日圓)A-累積,2026-08-10,2639.7826,日圓,日本,股票型,31.46,4.55,0.64,淨值+報酬率
japan,,摩根亞洲小型企業基金數位級別(美元)(累計),2026-08-11,15.05,美元,亞洲不含日本,中小型股,31.44,6.81,0.48,淨值+報酬率
japan,,野村基金(愛爾蘭系列)-日本策略價值基金(I美元避險類股),2026-08-10,602.1655,美元,日本,股票型,31.35,0.95,0.68,淨值+報酬率
japan,,貝萊德日本特別時機基金Hedged A2歐元,2026-08-11,116.4,歐元,日本,股票型,31.32,3.77,0.62,淨值+報酬率
japan,,富達基金-日本股票ESG基金(Y股累計日圓),2026-08-11,2496.0,日圓,日本,股票型,31.3,7.63,0.57,淨值+報酬率
japan,,富蘭克林坦伯頓全球投資系列日本基金美元避險A(acc)-H1,2026-08-10,34.39,美元,日本,股票型,31.26,0.82,0.44,淨值+報酬率
japan,,高盛基金III - 高盛日本股票基金X股日圓,2026-08-07,11459.0,日圓,日本,股票型,31.23,8.78,0.79,淨值+報酬率
japan,,路博邁投資基金-NB日本股票基金A累積類股(日圓),2026-08-10,1670.6,日圓,日本,股票型,31.22,9.65,0.83,淨值+報酬率
japan,,匯豐環球投資基金-亞太收益增長股票IC(本基金配息來源可能為本金),2026-08-11,51.47,美元,亞太不含日本,股票型,31.14,5.64,0.53,淨值+報酬率
japan,,柏瑞環球基金-柏瑞日本小型公司股票基金A3,2026-08-10,11656.6,日圓,日本,中小型股,31.11,11.84,0.92,淨值+報酬率
japan,,施羅德環球基金系列-亞洲可轉換債券(美元)A1-累積(基金主要係投資於非投資等級之高風險債券),2026-08-11,244.5828,美元,亞洲不含日本,可轉換債券,31.05,8.62,0.53,淨值+報酬率
japan,,駿利亨德森遠見基金-日本機會基金I2美元,2026-08-11,41.29,美元,日本,股票型,31.0,6.66,0.45,淨值+報酬率
japan,,摩根亞洲股票高息基金(美元)(累計)(本基金並無保證收益及配息),2026-08-11,71.65,美元,亞洲不含日本,股票型,30.94,8.58,0.59,淨值+報酬率
japan,,歐義銳榮新興動力股票基金R,2026-08-10,280.1,歐元,亞太不含日本,股票型,30.82,10.56,0.7,淨值+報酬率
china,,景順大中華基金A股美元,2026-08-11,93.08,美元,大中華,股票型,30.71,5.01,0.41,淨值+報酬率
japan,,利安資金亞太基金(美元),2026-08-07,3.405,美元,亞太不含日本,股票型,30.66,11.46,0.37,淨值+報酬率
japan,,安盛投資管理股票基金-安盛投資管理日本小型企業股票基金B,2026-08-10,4268.29,日圓,日本,中小型股,30.55,5.26,0.61,淨值+報酬率
usa,,瑞銀(盧森堡)美國總收益股票基金(美元)(月配息)(本基金之配息來源可能為本金),2026-08-10,176.75,美元,美國,股票型,30.52,15.91,0.69,淨值+報酬率
japan,,摩根亞洲小型企業基金,2026-08-11,457.82,美元,亞洲不含日本,中小型股,-25.62,-2.82,0.46,淨值+報酬率
usa,,瑞銀(盧森堡)美國總收益股票基金(美元),2026-08-10,439.1,美元,美國,股票型,30.51,15.89,0.69,淨值+報酬率
japan,,施羅德環球基金系列-日本股票(日圓)A1-累積,2026-08-10,2191.4647,日圓,日本,股票型,30.48,4.16,0.62,淨值+報酬率
japan,,柏瑞環球基金-柏瑞亞洲(日本除外)小型公司股票基金A,2026-08-11,52.5832,美元,亞洲不含日本,中小型股,30.45,15.01,0.41,淨值+報酬率
china,,利安資金中國增長基金(美元),2026-08-07,2.867,美元,中國,股票型,30.44,11.21,0.31,淨值+報酬率
healthcare,,新加坡大華全球保健基金-美元分配類股(基金之配息來源可能為本金),2026-08-07,0.8258,美元,全球,健康護理股,30.22,3.7,0.49,淨值+報酬率
healthcare,,新加坡大華全球保健基金-USD,2026-08-07,5.4463,美元,全球,健康護理股,30.18,3.71,0.49,淨值+報酬率
japan,,富達基金-日本股票ESG基金(A股日圓),2026-08-11,480.5,日圓,日本,股票型,30.18,7.18,0.55,淨值+報酬率
usa,,法巴美國小型股票基金C(美元),2026-08-11,505.2,美元,美國,中小型股,30.12,10.69,0.55,淨值+報酬率
japan,,匯豐環球投資基金-亞太收益增長股票AS(本基金配息來源可能為本金),2026-08-11,33.035,美元,亞太不含日本,股票型,30.04,5.2,0.51,淨值+報酬率
japan,,匯豐環球投資基金-亞太收益增長股票AM2(本基金配息來源可能為本金),2026-08-11,13.977,美元,亞太不含日本,股票型,30.03,5.2,0.51,淨值+報酬率
japan,,利安資金亞太基金(新元),2026-08-07,4.409,新幣,亞太不含日本,股票型,29.98,12.1,0.39,淨值+報酬率
japan,,摩根基金-日本股票基金A股(美元對沖)(累計),2026-08-10,521.12,美元,日本,股票型,29.97,2.91,0.54,淨值+報酬率
usa,,黃金指數GLD.US,2026-08-11,400.96,美元,美國,市場指數,29.95,-14.26,0.33,淨值+報酬率
japan,,富蘭克林坦伯頓全球投資系列日本基金美元避險F(acc)-H1,2026-08-10,17.97,美元,日本,股票型,29.93,0.34,0.43,淨值+報酬率
japan,,貝萊德日本特別時機基金A2日圓,2026-08-11,17672.0,日圓,日本,股票型,29.86,3.16,0.6,淨值+報酬率
japan,,駿利亨德森遠見基金-日本機會基金A2美元,2026-08-11,34.39,美元,日本,股票型,29.82,6.17,0.44,淨值+報酬率
japan,,野村基金(愛爾蘭系列)-日本策略價值基金(T美元避險類股),2026-08-10,340.5685,美元,日本,股票型,29.82,0.36,0.65,淨值+報酬率
japan,,摩根日本(日圓)基金(美元對沖)(累計),2026-08-10,68.71,美元,日本,股票型,29.81,2.37,0.51,淨值+報酬率
china,,利安資金中國增長基金(新元),2026-08-07,3.668,新幣,中國,股票型,29.75,11.9,0.32,淨值+報酬率
japan,,歐義銳榮新興動力股票基金R2,2026-08-10,324.58,美元,亞太不含日本,股票型,29.65,7.19,0.6,淨值+報酬率
china,,景順大中華基金B股美元,2026-08-11,71.27,美元,大中華,股票型,29.56,4.55,0.4,淨值+報酬率
healthcare,,新加坡大華全球保健基金,2026-08-07,6.9645,新幣,全球,健康護理股,29.48,4.32,0.46,淨值+報酬率
japan,,駿利亨德森遠見基金-亞洲股息收益基金I2美元(本基金並無保證收益),2026-08-11,37.45,美元,亞洲不含日本,股票型,29.27,7.37,0.49,淨值+報酬率
japan,,摩根基金-日本股票基金A股(澳幣對沖)(累計),2026-08-10,35.51,澳幣,日本,股票型,29.27,2.72,0.52,淨值+報酬率
china,,景順大中華基金A(澳幣對沖)股澳幣,2026-08-11,18.97,澳幣,大中華,股票型,29.22,4.63,0.4,淨值+報酬率
japan,,施羅德環球基金系列-日本小型公司(美元避險)A-累積,2026-08-10,3.011,美元,日本,中小型股,29.15,5.43,0.67,淨值+報酬率
japan,,iShares MSCI日本指數EWJ.US,2026-08-11,96.28,美元,日本,市場指數,29.1,3.01,0.43,淨值+報酬率
japan,,景順日本小型企業基金C股日圓,2026-08-11,3471.0,日圓,日本,中小型股,28.99,15.51,0.51,淨值+報酬率
usa,,駿利亨德森資產管理基金-駿利亨德森美國創業基金I2美元,2026-08-11,62.45,美元,美國,中小型股,28.76,15.69,0.6,淨值+報酬率
japan,,施羅德環球基金系列-亞洲可轉換債券(歐元避險)A-累積(基金主要係投資於非投資等級之高風險債券),2026-08-11,210.0902,歐元,亞洲不含日本,可轉換債券,28.76,7.77,0.5,淨值+報酬率
japan,,摩根基金-日本股票基金F股(美元對沖)(累計),2026-08-10,168.5,美元,日本,股票型,28.62,2.38,0.51,淨值+報酬率
japan,,野村基金(愛爾蘭系列)-日本策略價值基金(B美元避險類股),2026-08-10,337.5815,美元,日本,股票型,28.61,-0.1,0.63,淨值+報酬率
japan,,貝萊德日本靈活股票基金Hedged A2美元,2026-08-11,47.54,美元,日本,股票型,28.59,-1.02,0.5,淨值+報酬率
japan,,貝萊德日本靈活股票基金Hedged A10美元(總報酬穩定配息)(基金之配息來源可能為本金),2026-08-11,14.0,美元,日本,股票型,28.57,-0.97,0.5,淨值+報酬率
usa,,荷寶資本成長基金-荷寶BP美國卓越股票D美元,2026-08-10,588.81,美元,美國,股票型,28.53,13.59,0.71,淨值+報酬率
china,,高盛基金III - 高盛大中華股票基金X股美元,2026-08-11,1818.36,美元,大中華,股票型,28.48,2.65,0.3,淨值+報酬率
usa,,先機北美股票基金L類累積股(歐元),2026-08-11,54.8741,歐元,美國,股票型,28.43,18.25,0.87,淨值+報酬率
japan,,景順日本小型企業基金A股日圓,2026-08-11,2976.0,日圓,日本,中小型股,28.22,15.17,0.5,淨值+報酬率
japan,,施羅德環球基金系列-亞洲可轉換債券(歐元避險)A1-累積(基金主要係投資於非投資等級之高風險債券),2026-08-11,196.0209,歐元,亞洲不含日本,可轉換債券,28.17,7.53,0.49,淨值+報酬率
japan,,駿利亨德森遠見基金-亞洲股息收益基金A4月配美元(本基金之配息來源可能為本金且並無保證收益及配息),2026-08-11,9.08,美元,亞洲不含日本,股票型,28.05,6.82,0.47,淨值+報酬率
usa,,駿利亨德森資產管理基金-駿利亨德森美國創業基金T2美元,2026-08-11,13.89,美元,美國,中小型股,28.02,14.98,0.59,淨值+報酬率
japan,,駿利亨德森遠見基金-亞洲股息收益基金A3季配美元(本基金之配息來源可能為本金且並無保證收益及配息),2026-08-11,9.36,美元,亞洲不含日本,股票型,27.99,6.89,0.47,淨值+報酬率
japan,,駿利亨德森遠見基金-亞洲股息收益基金A2美元(本基金並無保證收益),2026-08-11,31.94,美元,亞洲不含日本,股票型,27.96,6.86,0.47,淨值+報酬率
usa,,荷寶資本成長基金-荷寶BP美國卓越股票M美元,2026-08-10,501.0,美元,美國,股票型,27.89,13.31,0.7,淨值+報酬率
usa,,駿利亨德森資產管理基金-駿利亨德森美國創業基金A2美元,2026-08-11,50.39,美元,美國,中小型股,27.7,15.2,0.58,淨值+報酬率
japan,,利安資金日本增長基金A級別美元,2026-08-07,1.581,美元,日本,股票型,27.6,10.41,0.69,淨值+報酬率
japan,,瑞銀(盧森堡)日本股票基金(日圓),2026-08-10,25308.0,日圓,日本,股票型,27.5,8.34,0.79,淨值+報酬率
usa,,威廉博萊美國中小成長基金-J累積(美元),2026-08-10,341.38,美元,美國,中小型股,27.49,12.03,0.53,淨值+報酬率
japan,,野村基金(愛爾蘭系列)-日本策略價值基金(I日圓類股),2026-08-10,64808.538,日圓,日本,股票型,27.44,-0.51,0.61,淨值+報酬率
japan,,景順亞洲機遇股票基金C股美元,2026-08-11,243.29,美元,亞洲不含日本,股票型,27.43,8.67,0.38,淨值+報酬率
japan,,貝萊德日本靈活股票基金Hedged B10美元(總報酬穩定配息)(基金之配息來源可能為本金),2026-08-11,12.92,美元,日本,股票型,27.38,-1.47,0.49,淨值+報酬率
usa,,先機北美股票基金L類累積股(美元),2026-08-11,82.5685,美元,美國,股票型,27.37,14.71,0.81,淨值+報酬率
japan,,利安資金日本基金(美元),2026-08-07,1.728,美元,日本,股票型,27.25,9.3,0.68,淨值+報酬率
china,,高盛基金III - 高盛大中華股票基金Y股美元,2026-08-11,557.97,美元,大中華,股票型,27.2,2.14,0.29,淨值+報酬率
japan,,景順日本小型企業基金B股日圓,2026-08-11,2296.0,日圓,日本,中小型股,27.06,14.63,0.48,淨值+報酬率
japan,,富蘭克林坦伯頓全球投資系列日本基金日圓A(acc),2026-08-10,2537.52,日圓,日本,股票型,27.04,-0.68,0.39,淨值+報酬率
usa,,東方匯理基金美國研究股票I2美元,2026-08-11,39.39,美元,美國,股票型,27.02,8.39,0.67,淨值+報酬率
japan,,利安資金日本增長基金A級別新元,2026-08-07,2.021,新幣,日本,股票型,26.87,11.04,0.83,淨值+報酬率
usa,,威廉博萊美國中小成長基金-A累積(美元),2026-08-10,178.1,美元,美國,中小型股,26.85,11.75,0.52,淨值+報酬率
japan,,景順日本股票優勢基金A-年配息股美元,2026-08-11,14.91,美元,日本,股票型,26.77,9.1,0.47,淨值+報酬率
japan,,景順亞洲機遇股票基金A-半年配息股美元,2026-08-11,13.58,美元,亞洲不含日本,股票型,26.73,8.38,0.37,淨值+報酬率
healthcare,,摩根基金-環球醫療科技基金A股(美元)(累計),2026-08-11,568.21,美元,全球,健康護理股,26.68,6.18,0.61,淨值+報酬率
japan,,景順亞洲機遇股票基金A股美元,2026-08-11,208.84,美元,亞洲不含日本,股票型,26.67,8.35,0.37,淨值+報酬率
japan,,摩根日本(日圓)基金數位級別(日圓)(累計),2026-08-10,16234.0,日圓,日本,股票型,26.6,1.27,0.46,淨值+報酬率
japan,,利安資金日本基金(新元),2026-08-07,2.21,新幣,日本,股票型,26.5,9.95,0.81,淨值+報酬率
usa,,摩根基金-美國價值基金A股(美元)(累計),2026-08-11,50.88,美元,美國,股票型,26.47,10.39,0.77,淨值+報酬率
usa,,摩根基金-美國價值基金A股(美元)(分派)(本基金之配息來源可能為本金),2026-08-11,60.31,美元,美國,股票型,26.46,10.38,0.77,淨值+報酬率
usa,,東方匯理基金美國研究股票A歐元,2026-08-11,26.83,歐元,美國,股票型,26.44,10.82,0.84,淨值+報酬率
usa,,駿利亨德森資產管理基金-駿利亨德森美國創業基金B2美元,2026-08-11,38.69,美元,美國,中小型股,26.4,14.6,0.55,淨值+報酬率
japan,,百達-日本精選-R歐元,2026-08-10,201.94,歐元,日本,股票型,26.39,8.92,0.65,淨值+報酬率
china,,柏瑞環球基金-柏瑞大中華股票基金A,2026-08-11,68.2843,美元,大中華,股票型,26.35,8.94,0.39,淨值+報酬率
healthcare,,聯博-國際醫療基金I級別美元(基金之配息來源可能為本金),2026-08-11,786.51,美元,全球,健康護理股,26.12,5.01,0.54,淨值+報酬率
usa,,先機北美股票基金C2類累積股(美元),2026-08-11,30.5336,美元,美國,股票型,26.1,14.15,0.77,淨值+報酬率
usa,,普徠仕(盧森堡)系列基金-普徠仕美國小型公司股票基金I級別(美元),2026-08-11,147.54,美元,美國,股票型,26.1,6.98,0.61,淨值+報酬率
usa,,先機北美股票基金B類累積股(美元),2026-08-11,56.6678,美元,美國,股票型,26.1,14.15,0.77,淨值+報酬率
usa,,普徠仕(盧森堡)系列基金-普徠仕美國小型公司股票基金Q級別(美元),2026-08-11,45.05,美元,美國,股票型,26.05,6.96,0.61,淨值+報酬率
usa,,那斯達克100指數股票型基金QQQ.US,2026-08-11,718.45,美元,美國,市場指數,-29.83,-1.73,0.39,淨值+報酬率
japan,,野村基金(愛爾蘭系列)-日本策略價值基金(T日圓類股),2026-08-10,27586.0804,日圓,日本,股票型,25.98,-1.08,0.58,淨值+報酬率
usa,,駿利亨德森資產管理基金-駿利亨德森美國創業基金I2歐元避險,2026-08-11,36.71,歐元,美國,中小型股,-26.27,2.76,0.54,淨值+報酬率
usa,,美盛美國增值基金優類股美元累積型,2026-08-11,742.46,美元,美國,股票型,25.82,13.65,0.72,淨值+報酬率
healthcare,,聯博-國際醫療基金A級別歐元(基金之配息來源可能為本金),2026-08-11,546.01,歐元,全球,健康護理股,25.78,7.56,0.5,淨值+報酬率
usa,,東方匯理基金美國研究股票A美元,2026-08-11,30.98,美元,美國,股票型,25.78,7.87,0.64,淨值+報酬率
japan,,富蘭克林坦伯頓全球投資系列日本基金日圓F(acc),2026-08-10,1691.3,日圓,日本,股票型,25.77,-1.18,0.37,淨值+報酬率
healthcare,,施羅德環球基金系列-醫療創新股票(美元)A-累積,2026-08-11,178.5857,美元,全球,健康護理股,25.76,4.17,0.47,淨值+報酬率
usa,,瑞銀(盧森堡)美國價值股票基金(美元),2026-08-10,803.17,美元,美國,股票型,25.74,12.41,0.48,淨值+報酬率
japan,,摩根日本(日圓)基金(日圓)(累計),2026-08-10,98075.0,日圓,日本,股票型,25.65,0.89,0.44,淨值+報酬率
japan,,摩根基金-日本股票基金A股(日圓)(累計),2026-08-10,3246.0,日圓,日本,股票型,25.62,1.09,0.46,淨值+報酬率
japan,,景順亞洲機遇股票基金B股美元,2026-08-11,162.35,美元,亞洲不含日本,股票型,25.55,7.87,0.36,淨值+報酬率
usa,,先機北美股票基金C類累積股(美元),2026-08-11,56.561,美元,美國,股票型,25.47,13.86,0.76,淨值+報酬率
healthcare,,法巴健康護理創新股票基金C(美元),2026-08-11,422.35,美元,全球,股票型,25.46,4.59,0.43,淨值+報酬率
usa,,美盛美國價值基金優類股美元累積型,2026-08-11,483.54,美元,美國,股票型,25.4,7.88,0.66,淨值+報酬率
usa,,聯博-美國中小型股票基金A級別美元,2026-08-11,61.0,美元,美國,中小型股,25.36,8.06,0.46,淨值+報酬率
usa,,美盛美國增值基金A類股歐元累積型,2026-08-11,703.35,歐元,美國,股票型,25.29,16.34,0.73,淨值+報酬率
japan,,施羅德環球基金系列-日本小型公司(日圓)A-累積,2026-08-10,269.1262,日圓,日本,中小型股,25.22,3.86,0.59,淨值+報酬率
usa,,聯博-美國中小型股票基金A澳幣避險級別,2026-08-11,28.88,澳幣,美國,中小型股,25.18,8.49,0.46,淨值+報酬率
healthcare,,聯博-國際醫療基金AD月配澳幣避險級別(基金之配息來源可能為本金),2026-08-11,16.32,澳幣,全球,健康護理股,25.17,5.02,0.52,淨值+報酬率
healthcare,,聯博-國際醫療基金AD月配級別美元(基金之配息來源可能為本金),2026-08-11,21.97,美元,全球,健康護理股,25.12,4.6,0.52,淨值+報酬率
healthcare,,聯博-國際醫療基金A級別美元(基金之配息來源可能為本金),2026-08-11,630.37,美元,全球,健康護理股,25.11,4.59,0.52,淨值+報酬率
usa,,普徠仕(盧森堡)系列基金-普徠仕美國小型公司股票基金A級別(美元),2026-08-11,101.46,美元,美國,股票型,25.04,6.54,0.59,淨值+報酬率
usa,,美盛美國價值基金A類股歐元累積型,2026-08-11,282.38,歐元,美國,股票型,24.85,10.39,0.92,淨值+報酬率
usa,,駿利亨德森資產管理基金-駿利亨德森美國創業基金A2歐元避險,2026-08-11,41.81,歐元,美國,中小型股,-26.88,2.3,0.52,淨值+報酬率
usa,,美盛美國增值基金A類股美元累積型,2026-08-11,554.58,美元,美國,股票型,24.72,13.22,0.69,淨值+報酬率
japan,,野村基金(愛爾蘭系列)-日本策略價值基金(B日圓類股),2026-08-10,14434.7578,日圓,日本,股票型,24.72,-1.57,0.55,淨值+報酬率
japan,,首源投資環球傘型基金-首域盈信亞洲增長基金第四類股(美元-累積),2026-08-11,22.7773,美元,亞太不含日本,股票型,24.69,7.13,0.54,淨值+報酬率
japan,,安本基金-亞洲小型公司基金X累積美元,2026-08-11,21.2985,美元,亞洲不含日本,中小型股,24.66,9.22,0.33,淨值+報酬率
japan,,施羅德環球基金系列-日本小型公司(日圓)A1-累積,2026-08-10,240.758,日圓,日本,中小型股,24.59,3.6,0.58,淨值+報酬率
healthcare,,施羅德環球基金系列-醫療創新股票(美元)U-累積,2026-08-11,108.5159,美元,全球,健康護理股,24.52,3.64,0.44,淨值+報酬率
japan,,貝萊德日本靈活股票基金A2日圓,2026-08-11,4064.0,日圓,日本,股票型,24.32,-2.68,0.44,淨值+報酬率
usa,,景順美國價值股票基金C股美元,2026-08-11,113.07,美元,美國,股票型,24.29,8.21,0.75,淨值+報酬率
japan,,摩根基金-日本股票基金F股(日圓)(累計),2026-08-10,15283.0,日圓,日本,股票型,24.27,0.57,0.44,淨值+報酬率
usa,,美盛美國價值基金A類股美元配息型(A),2026-08-11,489.39,美元,美國,股票型,24.13,7.33,0.63,淨值+報酬率
usa,,美盛美國價值基金A類股美元累積型,2026-08-11,257.58,美元,美國,股票型,24.12,7.33,0.63,淨值+報酬率
usa,,iShares 道瓊精選高股利指數DVY.US,2026-08-11,162.58,美元,美國,市場指數,24.07,5.25,0.59,淨值+報酬率
usa,,道瓊工業指數股票型基金DIA.US,2026-08-11,537.28,美元,美國,市場指數,23.95,7.97,0.61,淨值+報酬率
healthcare,,聯博-國際醫療基金ED月配澳幣避險級別(基金之配息來源可能為本金),2026-08-11,15.71,澳幣,全球,健康護理股,23.94,4.54,0.5,淨值+報酬率
healthcare,,聯博-國際醫療基金ED月配級別美元(基金之配息來源可能為本金),2026-08-11,24.01,美元,全球,健康護理股,23.93,4.09,0.5,淨值+報酬率
japan,,安本基金-亞洲小型公司基金A累積美元,2026-08-11,81.6171,美元,亞洲不含日本,中小型股,23.73,8.82,0.32,淨值+報酬率
usa,,景順美國價值股票基金A股美元,2026-08-11,90.96,美元,美國,股票型,23.3,7.79,0.72,淨值+報酬率
finance,,貝萊德世界金融基金A2歐元,2026-08-11,73.0,歐元,全球,金融股,23.12,12.05,0.4,淨值+報酬率
japan,,貝萊德日本靈活股票基金B2日圓,2026-08-11,1337.0,日圓,日本,股票型,23.11,-3.19,0.42,淨值+報酬率
japan,,柏瑞環球基金-柏瑞日本小型公司股票基金Y,2026-08-10,113.6155,美元,日本,中小型股,22.91,10.28,0.48,淨值+報酬率
healthcare,,貝萊德世界健康科學基金A2歐元,2026-08-11,68.25,歐元,全球,健康護理股,22.75,7.35,0.47,淨值+報酬率
usa,,安盛投資管理股票基金-安盛投資管理美國股票QI基金B,2026-08-10,60.35,美元,美國,股票型,22.66,13.04,0.53,淨值+報酬率
usa,,PIMCO美國股票增益基金-機構H級類別(累積股份),2026-08-11,24.52,美元,美國,股票型,22.66,11.91,0.55,淨值+報酬率
usa,,安聯美國多元投資風格股票基金-IT累積類股(歐元),2026-08-11,3737.82,歐元,美國,股票型,22.66,15.21,0.71,淨值+報酬率
usa,,iShares S&P500指數IVV.US,2026-08-11,774.23,美元,美國,市場指數,22.61,11.99,0.57,淨值+報酬率
japan,,高盛基金III - 高盛日本股票基金X股美元,2026-08-07,230.4,美元,日本,股票型,22.57,8.04,0.51,淨值+報酬率
usa,,史坦普500指數股票型基金SPY.US,2026-08-11,770.56,美元,美國,市場指數,22.52,11.95,0.57,淨值+報酬率
japan,,宏利環球基金-日本股票基金AA股,2026-08-10,2.1273,美元,日本,股票型,22.36,7.7,0.39,淨值+報酬率
finance,,貝萊德世界金融基金A2美元,2026-08-11,84.27,美元,全球,金融股,22.34,9.06,0.36,淨值+報酬率
finance,,貝萊德世界金融基金A10美元(總報酬穩定配息)(本基金之配息來源可能為本金),2026-08-11,20.3,美元,全球,金融股,22.31,9.06,0.36,淨值+報酬率
china,,富達基金-大中華基金(A股美元)(已撤銷核備),2026-08-11,351.1,美元,大中華,股票型,-29.14,-10.34,0.34,淨值+報酬率
healthcare,,貝萊德世界健康科學基金Hedged A2澳幣,2026-08-11,24.92,澳幣,全球,健康護理股,22.28,4.93,0.55,淨值+報酬率
usa,,安聯美國多元投資風格股票基金-AT累積類股(歐元),2026-08-11,544.51,歐元,美國,股票型,22.17,15.09,0.71,淨值+報酬率
usa,,DJ Wilshire不動產基金RWR.US,2026-08-11,111.99,美元,美國,REIT,22.14,7.44,0.49,淨值+報酬率
healthcare,,貝萊德世界健康科學基金A10美元(總報酬穩定配息)(本基金之配息來源可能為本金),2026-08-11,10.04,美元,全球,健康護理股,21.99,4.52,0.55,淨值+報酬率
healthcare,,貝萊德世界健康科學基金A2美元,2026-08-11,78.79,美元,全球,健康護理股,21.97,4.48,0.54,淨值+報酬率
usa,,PIMCO美國股票增益基金-M級類別(月收息強化股份)(基金之配息來源可能為本金),2026-08-11,12.05,美元,美國,股票型,21.83,11.58,0.53,淨值+報酬率
usa,,PIMCO美國股票增益基金-E級類別(累積股份),2026-08-11,82.68,美元,美國,股票型,21.79,11.5,0.53,淨值+報酬率
japan,,野村基金(愛爾蘭系列)-日本精選股票基金(I美元類股),2026-08-10,184.2516,美元,日本,股票型,-28.48,10.34,0.46,淨值+報酬率
usa,,安聯美國多元投資風格股票基金-IT累積類股(美元),2026-08-11,1373.26,美元,美國,股票型,21.66,11.76,0.62,淨值+報酬率
usa,,安聯美國多元投資風格股票基金-I配息類股(美元)(基金之配息來源可能為本金),2026-08-11,4299.74,美元,美國,股票型,21.65,11.76,0.62,淨值+報酬率
usa,,柏瑞環球基金-柏瑞美國研究增值核心股票基金Y,2026-08-11,558.792,美元,美國,股票型,21.54,11.36,0.58,淨值+報酬率
japan,,貝萊德日本特別時機基金A2歐元,2026-08-11,96.14,歐元,日本,股票型,21.4,2.12,0.39,淨值+報酬率
finance,,貝萊德世界金融基金B10美元(總報酬穩定配息)(基金之配息來源可能為本金),2026-08-11,11.58,美元,全球,金融股,21.12,8.52,0.34,淨值+報酬率
usa,,聯博-精選美國股票基金S1級別美元,2026-08-11,112.14,美元,美國,股票型,21.06,10.45,0.58,淨值+報酬率
japan,,惠理高息股票基金Z級別(本基金並無保證收益及配息),2026-08-10,24.79,美元,亞洲不含日本,股票型,21.04,3.25,0.48,淨值+報酬率
healthcare,,景順健康護理創新基金C-年配息股美元,2026-08-11,264.86,美元,全球,健康護理股,21.02,7.35,0.39,淨值+報酬率
finance,,貝萊德世界金融基金B2美元,2026-08-11,12.45,美元,全球,金融股,20.99,8.45,0.34,淨值+報酬率
usa,,安聯美國多元投資風格股票基金-AT累積類股(美元),2026-08-11,37.6033,美元,美國,股票型,20.88,11.41,0.6,淨值+報酬率
healthcare,,貝萊德世界健康科學基金B10美元(總報酬穩定配息)(基金之配息來源可能為本金),2026-08-11,10.26,美元,全球,健康護理股,20.82,4.04,0.52,淨值+報酬率
healthcare,,貝萊德世界健康科學基金B2美元,2026-08-11,11.14,美元,全球,健康護理股,20.69,3.92,0.51,淨值+報酬率
japan,,貝萊德日本特別時機基金A2美元,2026-08-11,110.98,美元,日本,股票型,20.63,-0.6,0.31,淨值+報酬率
usa,,聯博-精選美國股票基金I級別美元,2026-08-11,105.69,美元,美國,股票型,20.61,10.25,0.57,淨值+報酬率
japan,,惠理高息股票基金A2 Mdis級別(本基金配息來源可能為本金且無保證收益及配息),2026-08-10,12.64,美元,亞洲不含日本,股票型,20.55,2.99,0.46,淨值+報酬率
usa,,PIMCO美國股票增益基金-BM級類別(月收息強化股份)(基金之配息來源可能為本金),2026-08-11,11.49,美元,美國,股票型,20.55,10.89,0.5,淨值+報酬率
usa,,東方匯理基金美國鋒裕股票A歐元,2026-08-11,29.28,歐元,美國,股票型,20.54,8.4,0.61,淨值+報酬率
japan,,惠理高息股票基金A1級別(本基金並無保證收益及配息),2026-08-10,150.76,美元,亞洲不含日本,股票型,20.5,2.97,0.46,淨值+報酬率
usa,,法巴美國中型股票基金C(美元),2026-08-11,422.68,美元,美國,股票型,20.45,6.61,0.41,淨值+報酬率
usa,,法巴美國中型股票基金/年配(美元)(基金之配息來源可能為本金),2026-08-11,304.41,美元,美國,股票型,20.44,6.6,0.41,淨值+報酬率
usa,,柏瑞環球基金-柏瑞美國研究增值核心股票基金A,2026-08-11,82.1564,美元,美國,股票型,20.39,10.84,0.55,淨值+報酬率
usa,,聯博-精選美國股票基金A級別歐元,2026-08-11,81.36,歐元,美國,股票型,20.3,12.92,0.59,淨值+報酬率
healthcare,,景順健康護理創新基金A-年配息股美元,2026-08-11,221.33,美元,全球,健康護理股,20.3,7.03,0.38,淨值+報酬率
japan,,野村基金(愛爾蘭系列)-日本精選股票基金(T美元類股),2026-08-10,120.8469,美元,日本,股票型,20.27,7.43,0.43,淨值+報酬率
healthcare,,貝萊德世界健康科學基金Hedged A2港幣,2026-08-11,255.68,港幣,全球,健康護理股,20.08,3.71,0.5,淨值+報酬率
usa,,東方匯理基金美國鋒裕股票A美元,2026-08-11,33.8,美元,美國,股票型,20.03,5.36,0.48,淨值+報酬率
japan,,惠理高息股票基金A2 MDis英鎊避險級別(本基金配息來源可能為本金且無保證收益及配息),2026-08-10,9.85,英鎊,亞洲不含日本,股票型,20.0,2.91,0.46,淨值+報酬率
japan,,柏瑞環球基金-柏瑞日本股票基金Y,2026-08-10,298.0954,美元,日本,股票型,19.94,0.8,0.41,淨值+報酬率
usa,,資本集團美國投資基金(盧森堡)A4(美元),2026-08-11,37.8004,美元,美國,股票型,19.81,11.84,0.54,淨值+報酬率
japan,,景順日本小型企業基金C-年配息股美元,2026-08-11,28.85,美元,日本,中小型股,-27.14,10.42,0.29,淨值+報酬率
usa,,聯博-精選美國股票基金A級別美元,2026-08-11,93.93,美元,美國,股票型,19.64,9.81,0.54,淨值+報酬率
usa,,MFS全盛基金系列-MFS全盛美國價值基金I1(美元),2026-08-11,536.64,美元,美國,股票型,19.47,5.85,0.6,淨值+報酬率
usa,,摩根基金-美國科技基金A股(美元)(累計),2026-08-11,152.02,美元,美國,股票型,-38.24,-1.76,0.22,淨值+報酬率
usa,,摩根基金-美國科技基金A股(美元)(分派)(本基金之配息來源可能為本金),2026-08-11,76.24,美元,美國,股票型,-38.24,-1.74,0.22,淨值+報酬率
usa,,資本集團美國投資基金(盧森堡)B(歐元),2026-08-11,29.1816,歐元,美國,股票型,19.25,14.44,0.52,淨值+報酬率
usa,,駿利亨德森資產管理基金-駿利亨德森美國價值中小基金I2美元,2026-08-11,61.03,美元,美國,中小型股,19.15,0.38,0.31,淨值+報酬率
usa,,東方匯理基金美國鋒裕股票B美元,2026-08-11,26.58,美元,美國,股票型,19.14,4.6,0.45,淨值+報酬率
usa,,東方匯理基金美國鋒裕股票U美元,2026-08-11,181.67,美元,美國,股票型,19.14,4.62,0.45,淨值+報酬率
usa,,東方匯理基金美國鋒裕股票T美元,2026-08-11,178.37,美元,美國,股票型,19.13,4.62,0.45,淨值+報酬率
usa,,聯博-精選美國股票基金A澳幣避險級別,2026-08-11,43.28,澳幣,美國,股票型,19.06,9.68,0.53,淨值+報酬率
japan,,惠理高息股票基金A2 MDis澳幣避險級別(本基金配息來源可能為本金且無保證收益及配息),2026-08-10,9.88,澳幣,亞洲不含日本,股票型,19.05,2.55,0.44,淨值+報酬率
usa,,PIMCO美國股票增益基金-BE級類別(累積股份),2026-08-11,17.15,美元,美國,股票型,19.01,11.0,0.46,淨值+報酬率
finance,,歐義銳榮環球智慧股票基金R,2026-08-10,187.96,歐元,全球,金融股,18.98,11.49,0.72,淨值+報酬率
japan,,柏瑞環球基金-柏瑞日本股票基金A,2026-08-10,31.5902,美元,日本,股票型,18.98,0.4,0.39,淨值+報酬率
japan,,景順日本小型企業基金A-年配息股美元,2026-08-11,26.46,美元,日本,中小型股,-27.59,10.06,0.28,淨值+報酬率
japan,,安盛投資管理股票基金-安盛投資管理亞太(日本除外)股票QI基金B,2026-08-07,63.92,美元,亞太不含日本,股票型,18.81,8.45,0.36,淨值+報酬率
usa,,資本集團美國投資基金(盧森堡)B(美元),2026-08-11,33.6844,美元,美國,股票型,18.65,11.28,0.51,淨值+報酬率
japan,,安盛投資管理股票基金-安盛投資管理亞太(日本除外)國家小型企業股票QI基金B,2026-08-07,180.26,美元,亞太不含日本,中小型股,18.6,9.3,0.26,淨值+報酬率
japan,,野村基金(愛爾蘭系列)-日本策略價值基金(I美元類股),2026-08-10,274.7403,美元,日本,股票型,18.52,-3.42,0.33,淨值+報酬率
japan,,惠理高息股票基金A2 MDis紐幣避險級別(本基金配息來源可能為本金且無保證收益及配息),2026-08-10,9.94,紐幣,亞洲不含日本,股票型,18.51,2.3,0.43,淨值+報酬率
japan,,惠理高息股票基金A2 MDis加幣避險級別(本基金配息來源可能為本金且無保證收益及配息),2026-08-10,10.42,加幣,亞洲不含日本,股票型,18.37,2.32,0.42,淨值+報酬率
usa,,駿利亨德森資產管理基金-駿利亨德森美國價值中小基金T2美元,2026-08-11,13.5,美元,美國,中小型股,18.32,-0.3,0.3,淨值+報酬率
usa,,富達基金-美國基金(Y股累計美元),2026-08-11,40.87,美元,美國,股票型,18.22,2.05,0.61,淨值+報酬率
usa,,柏瑞環球基金-柏瑞美國大型資本研究增值基金Y,2026-08-11,728.8912,美元,美國,股票型,18.2,9.69,0.56,淨值+報酬率
usa,,MFS全盛基金系列-MFS全盛美國價值基金A1(美元),2026-08-11,52.94,美元,美國,股票型,18.2,5.29,0.57,淨值+報酬率
usa,,摩根基金-美國科技基金F股(美元)(累計),2026-08-11,179.61,美元,美國,股票型,-38.89,-2.27,0.21,淨值+報酬率
japan,,iShares MSCI亞太指數EPP.US,2026-08-11,57.58,美元,亞洲不含日本,市場指數,18.13,4.69,0.36,淨值+報酬率
usa,,駿利亨德森資產管理基金-駿利亨德森美國價值中小基金A2美元,2026-08-11,49.54,美元,美國,中小型股,18.12,-0.06,0.29,淨值+報酬率
finance,,歐義銳榮環球智慧股票基金R2,2026-08-10,218.63,美元,全球,金融股,17.92,8.09,0.59,淨值+報酬率
usa,,富達基金-美國基金(A股歐元),2026-08-11,16.69,歐元,美國,股票型,17.87,4.64,0.83,淨值+報酬率
japan,,富蘭克林坦伯頓全球投資系列日本基金美元A(acc),2026-08-10,15.89,美元,日本,股票型,17.79,-3.81,0.24,淨值+報酬率
usa,,柏瑞環球基金-柏瑞美國大型資本研究增值基金A,2026-08-11,65.7169,美元,美國,股票型,17.61,9.42,0.54,淨值+報酬率
japan,,施羅德環球基金系列-日本小型公司(歐元)A-累積,2026-08-10,1.3724,歐元,日本,中小型股,17.43,4.26,0.4,淨值+報酬率
japan,,景順亞洲消費動力基金C股美元,2026-08-11,25.35,美元,亞洲不含日本,股票型,17.42,5.36,0.29,淨值+報酬率
usa,,MFS全盛基金系列-MFS全盛美國價值基金C1(美元),2026-08-11,43.41,美元,美國,股票型,17.29,4.88,0.54,淨值+報酬率
usa,,路博邁投資基金-NB美國小型企業基金T累積類股(南非幣),2026-08-11,274.59,南非幣,美國,中小型股,17.23,5.74,0.33,淨值+報酬率
usa,,富達基金-美國基金(A股美元),2026-08-11,19.26,美元,美國,股票型,17.22,1.64,0.58,淨值+報酬率
usa,,摩根基金-美國策略升級基金A股(美元)(累計),2026-08-11,66.65,美元,美國,股票型,17.18,9.97,0.44,淨值+報酬率
japan,,野村基金(愛爾蘭系列)-日本策略價值基金(T美元類股),2026-08-10,198.3644,美元,日本,股票型,17.16,-3.97,0.31,淨值+報酬率
usa,,富達基金-美國基金(A股累計澳幣避險),2026-08-11,26.95,澳幣,美國,股票型,16.97,1.77,0.57,淨值+報酬率
usa,,路博邁投資基金-NB美國多元企業機會基金T累積類股(南非幣),2026-08-11,531.28,南非幣,美國,股票型,16.94,9.11,0.46,淨值+報酬率
japan,,施羅德環球基金系列-日本小型公司(歐元)A1-累積,2026-08-10,1.3144,歐元,日本,中小型股,16.85,4.01,0.39,淨值+報酬率
japan,,摩根基金-日本股票基金A股(美元)(累計),2026-08-10,27.31,美元,日本,股票型,-33.58,6.61,0.26,淨值+報酬率
usa,,美盛全球投資系列-美盛美國永續發展基金A類股美元累積型,2026-08-11,221.91,美元,美國,股票型,16.79,9.6,0.5,淨值+報酬率
japan,,景順亞洲消費動力基金A股美元,2026-08-11,22.69,美元,亞洲不含日本,股票型,16.72,5.05,0.28,淨值+報酬率
japan,,景順亞洲消費動力基金A-半年配息股美元,2026-08-11,21.22,美元,亞洲不含日本,股票型,16.71,5.05,0.28,淨值+報酬率
japan,,富蘭克林坦伯頓全球投資系列亞洲小型企業基金歐元A(acc),2026-08-11,93.3,歐元,亞洲不含日本,中小型股,16.6,11.71,0.52,淨值+報酬率
finance,,歐義銳榮環球智慧股票基金RH,2026-08-10,151.4,歐元,全球,金融股,16.49,8.21,0.6,淨值+報酬率
japan,,匯豐環球投資基金-亞洲小型公司股票(日本除外)AD(本基金配息來源可能為本金),2026-08-11,100.9,美元,亞洲不含日本,股票型,16.43,3.63,0.29,淨值+報酬率
japan,,匯豐環球投資基金-亞洲小型公司股票(日本除外)AC(本基金配息來源可能為本金),2026-08-11,117.131,美元,亞洲不含日本,股票型,16.43,3.63,0.29,淨值+報酬率
usa,,駿利亨德森資產管理基金-駿利亨德森美國價值中小基金I2歐元避險,2026-08-11,29.22,歐元,美國,中小型股,16.41,-0.68,0.27,淨值+報酬率
usa,,駿利亨德森資產管理基金-駿利亨德森美國價值中小基金B2美元,2026-08-11,36.18,美元,美國,中小型股,16.37,-0.8,0.27,淨值+報酬率
usa,,富蘭克林成長基金A(本基金之配息來源可能為本金),2026-08-11,148.74,美元,美國,股票型,16.25,10.74,0.51,淨值+報酬率
japan,,貝萊德日本靈活股票基金A2歐元,2026-08-11,22.11,歐元,日本,股票型,16.25,-3.66,0.28,淨值+報酬率
usa,,法盛漢瑞斯美國股票基金R/A EUR,2026-08-10,592.63,歐元,美國,股票型,16.07,8.84,0.37,淨值+報酬率
usa,,iShares Cohen & Steers不動產基金ICF.US,2026-08-11,67.34,美元,美國,REIT,16.07,6.01,0.4,淨值+報酬率
usa,,路博邁投資基金-NB美國小型企業基金E累積類股(南非幣),2026-08-11,317.31,南非幣,美國,中小型股,16.06,5.21,0.31,淨值+報酬率
usa,,路博邁投資基金-NB美國小型企業基金I累積類股(美元),2026-08-11,37.5,美元,美國,中小型股,15.99,5.28,0.31,淨值+報酬率
japan,,富蘭克林坦伯頓全球投資系列亞洲小型企業基金美元A(acc),2026-08-11,78.94,美元,亞洲不含日本,中小型股,15.99,8.64,0.41,淨值+報酬率
japan,,富蘭克林坦伯頓全球投資系列亞洲小型企業基金美元A(Ydis),2026-08-11,76.48,美元,亞洲不含日本,中小型股,15.98,8.64,0.41,淨值+報酬率
japan,,摩根基金-亞太入息基金A股(美元)(每月派息)(本基金之配息來源可能為本金且並無保證收益及配息),2026-08-11,122.09,美元,亞太不含日本,平衡型,15.96,3.05,0.59,淨值+報酬率
japan,,摩根基金-亞太入息基金A股(美元)(累計)(本基金並無保證收益及配息),2026-08-11,33.31,美元,亞太不含日本,平衡型,15.94,3.03,0.59,淨值+報酬率
japan,,景順亞洲資產配置基金C股美元,2026-08-11,31.72,美元,亞太不含日本,平衡型,15.94,3.8,0.37,淨值+報酬率
japan,,摩根基金-亞太入息基金A股(美元)(分派)(本基金之配息來源可能為本金且並無保證收益及配息),2026-08-11,38.91,美元,亞太不含日本,平衡型,15.93,3.02,0.59,淨值+報酬率
japan,,施羅德環球基金系列-日本小型公司(美元)A1-累積,2026-08-10,1.5134,美元,日本,中小型股,15.91,0.88,0.3,淨值+報酬率
usa,,富蘭克林坦伯頓全球投資系列穩定月收益基金南非幣避險A(Mdis)-H1(本基金有相當比重投資於非投資等級之高風險債券且基金之配息來源可能為本金),2026-08-11,115.94,南非幣,美國,平衡型,15.88,4.4,0.97,淨值+報酬率
usa,,摩根基金-美國策略升級基金F股(美元)(累計),2026-08-11,115.01,美元,美國,股票型,15.84,9.36,0.41,淨值+報酬率
usa,,路博邁投資基金-NB美國多元企業機會基金B累積類股(南非幣),2026-08-11,468.14,南非幣,美國,股票型,15.78,8.57,0.43,淨值+報酬率
usa,,路博邁投資基金-NB美國多元企業機會基金E累積類股(南非幣),2026-08-11,431.11,南非幣,美國,股票型,15.78,8.57,0.43,淨值+報酬率
usa,,MFS全盛基金系列-MFS全盛美國價值基金AH1(歐元避險),2026-08-11,28.74,歐元,美國,股票型,15.61,4.24,0.49,淨值+報酬率
japan,,貝萊德日本靈活股票基金A2美元,2026-08-11,25.52,美元,日本,股票型,15.48,-6.25,0.23,淨值+報酬率
japan,,景順亞洲資產配置基金A-月配息股美元(基金之配息來源可能為本金),2026-08-11,9.05,美元,亞太不含日本,平衡型,15.45,3.62,0.36,淨值+報酬率
japan,,景順亞洲資產配置基金A-穩定月配息股美元(基金之配息來源可能為本金),2026-08-11,5.89,美元,亞洲不含日本,平衡型,15.45,3.65,0.36,淨值+報酬率
usa,,駿利亨德森資產管理基金-駿利亨德森美國價值中小基金A2歐元避險,2026-08-11,34.32,歐元,美國,中小型股,15.44,-1.12,0.25,淨值+報酬率
usa,,富蘭克林潛力組合基金A(本基金之配息來源可能為本金),2026-08-11,39.73,美元,美國,中小型股,15.38,3.36,0.33,淨值+報酬率
japan,,景順亞洲資產配置基金A-季配息股美元(基金之配息來源可能為本金),2026-08-11,14.17,美元,亞太不含日本,平衡型,15.36,3.5,0.36,淨值+報酬率
japan,,景順亞洲資產配置基金A股美元,2026-08-11,28.47,美元,亞太不含日本,平衡型,15.36,3.53,0.36,淨值+報酬率
japan,,摩根基金-亞太入息基金A股(澳幣對沖)(利率入息)(本基金之配息來源可能為本金且並無保證收益及配息),2026-08-11,9.74,澳幣,亞太不含日本,平衡型,15.31,2.89,0.57,淨值+報酬率
usa,,東方匯理基金美國潛力增長股票I2美元,2026-08-11,17912.67,美元,美國,股票型,15.22,14.65,0.31,淨值+報酬率
usa,,瑞銀(盧森堡)美國增長股票基金(美元)I-A1-累積,2026-08-10,1062.07,美元,美國,股票型,15.19,11.45,0.3,淨值+報酬率
usa,,普徠仕(盧森堡)系列基金-普徠仕美國大型成長股票基金I級別(美元),2026-08-11,155.05,美元,美國,股票型,-29.04,1.54,0.27,淨值+報酬率
usa,,普徠仕(盧森堡)系列基金-普徠仕美國大型成長股票基金Q級別(美元),2026-08-11,82.36,美元,美國,股票型,-29.07,1.52,0.27,淨值+報酬率
usa,,法盛漢瑞斯美國股票基金R/A USD,2026-08-10,684.27,美元,美國,股票型,15.03,5.52,0.32,淨值+報酬率
usa,,法盛漢瑞斯美國股票基金R/D USD,2026-08-10,477.33,美元,美國,股票型,15.03,5.52,0.32,淨值+報酬率
usa,,摩根基金-美國基金A股(美元)(分派)(本基金之配息來源可能為本金),2026-08-11,550.88,美元,美國,股票型,15.0,7.89,0.43,淨值+報酬率
usa,,摩根基金-美國基金A股(美元)(累計),2026-08-11,73.57,美元,美國,股票型,14.99,7.87,0.43,淨值+報酬率
finance,,富達基金-全球金融服務基金(Y股累計歐元),2026-08-11,50.62,歐元,全球,金融股,14.97,12.49,0.3,淨值+報酬率
usa,,路博邁投資基金-NB美國小型企業基金T累積類股(美元),2026-08-11,26.68,美元,美國,中小型股,14.9,4.79,0.29,淨值+報酬率
finance,,iShares 道瓊美國金融產業指數IYF.US,2026-08-11,137.37,美元,美國,市場指數,14.88,10.19,0.29,淨值+報酬率
japan,,富蘭克林坦伯頓全球投資系列亞洲小型企業基金美元F(acc),2026-08-11,16.39,美元,亞洲不含日本,中小型股,14.86,8.11,0.38,淨值+報酬率
usa,,富蘭克林高成長基金A(本基金之配息來源可能為本金),2026-08-11,100.08,美元,美國,股票型,14.82,8.43,0.49,淨值+報酬率
japan,,摩根基金-亞太入息基金F股(美元)(每月派息)(本基金之配息來源可能為本金且並無保證收益及配息),2026-08-11,104.97,美元,亞太不含日本,平衡型,14.75,2.51,0.54,淨值+報酬率
usa,,摩根基金-美國全方位股票基金A股(美元)(累計),2026-08-11,379.91,美元,美國,股票型,14.68,7.71,0.47,淨值+報酬率
japan,,景順亞洲資產配置基金A-穩定月配息(澳幣對沖)股澳幣(基金之配息來源可能為本金),2026-08-11,4.62,澳幣,亞洲不含日本,平衡型,14.67,3.37,0.35,淨值+報酬率
usa,,路博邁投資基金-NB美國房地產基金T累積類股(南非幣)(基金之配息來源可能為本金),2026-08-11,294.5,南非幣,美國,REIT,14.59,6.34,0.36,淨值+報酬率
usa,,路博邁投資基金-NB美國多元企業機會基金T累積類股(美元),2026-08-11,33.59,美元,美國,股票型,14.56,8.15,0.4,淨值+報酬率
usa,,路博邁投資基金-NB美國房地產基金T月配息類股(南非幣)(基金之配息來源可能為本金),2026-08-11,121.56,南非幣,美國,REIT,14.55,6.33,0.36,淨值+報酬率
usa,,路博邁投資基金-NB美國小型企業基金T累積類股(澳幣),2026-08-11,17.81,澳幣,美國,中小型股,14.39,4.76,0.28,淨值+報酬率
finance,,富達基金-全球金融服務基金(Y股累計美元),2026-08-11,24.51,美元,全球,金融股,14.37,9.27,0.27,淨值+報酬率
usa,,法盛漢瑞斯美國股票基金R/D GBP,2026-08-10,240.45,英鎊,美國,股票型,14.34,6.73,0.35,淨值+報酬率
usa,,安聯收益成長基金-AM穩定月收類股(南非幣避險)(本基金有相當比重投資於非投資等級之高風險債券且配息來源可能為本金),2026-08-11,110.04,南非幣,美國,平衡型,14.32,6.24,0.58,淨值+報酬率
usa,,法盛漢瑞斯美國股票基金R/A GBP,2026-08-10,912.07,英鎊,美國,股票型,14.32,6.71,0.35,淨值+報酬率
japan,,貝萊德日本靈活股票基金B2美元,2026-08-11,8.4,美元,日本,股票型,14.29,-6.67,0.22,淨值+報酬率
usa,,摩根基金-美國基金A股(澳幣對沖)(累計),2026-08-11,42.14,澳幣,美國,股票型,14.2,7.55,0.41,淨值+報酬率
japan,,摩根基金-亞太入息基金F股(澳幣對沖)(利率入息)(本基金之配息來源可能為本金且並無保證收益及配息),2026-08-11,9.87,澳幣,亞太不含日本,平衡型,14.09,2.35,0.53,淨值+報酬率
usa,,普徠仕(盧森堡)系列基金-普徠仕美國大型成長股票基金A級別(美元),2026-08-11,119.55,美元,美國,股票型,-29.68,1.09,0.26,淨值+報酬率
finance,,富達基金-全球金融服務基金(A股歐元),2026-08-11,78.27,歐元,全球,金融股,14.01,12.01,0.28,淨值+報酬率
usa,,路博邁投資基金-NB美國多元企業機會基金T累積類股(澳幣),2026-08-11,24.85,澳幣,美國,股票型,13.99,8.04,0.38,淨值+報酬率
usa,,東方匯理基金美國潛力增長股票A2美元,2026-08-11,64.19,美元,美國,股票型,13.97,14.03,0.28,淨值+報酬率
usa,,施羅德環球基金系列-美國大型股(美元)A-累積,2026-08-11,442.3464,美元,美國,股票型,13.87,9.13,0.44,淨值+報酬率
usa,,路博邁投資基金-NB美國小型企業基金E累積類股(美元),2026-08-11,20.65,美元,美國,中小型股,13.77,4.29,0.27,淨值+報酬率
usa,,富蘭克林坦伯頓全球投資系列穩定月收益基金美元Z(acc)(本基金有相當比重投資於非投資等級之高風險債券且基金之配息來源可能為本金),2026-08-11,26.53,美元,美國,平衡型,13.77,3.39,0.84,淨值+報酬率
usa,,路博邁投資基金-NB美國小型企業基金B累積類股(美元),2026-08-11,23.41,美元,美國,中小型股,13.75,4.28,0.27,淨值+報酬率
usa,,摩根基金-美國基金F股(美元)(累計),2026-08-11,132.44,美元,美國,股票型,13.73,7.29,0.39,淨值+報酬率
usa,,瑞銀(盧森堡)美國增長股票基金(美元),2026-08-10,112.05,美元,美國,股票型,-28.84,1.47,0.27,淨值+報酬率
usa,,PGIM JENNISON美國成長基金-I美元累積型,2026-08-11,483.678,美元,美國,股票型,-37.62,-2.21,0.24,淨值+報酬率
usa,,路博邁投資基金-NB美國小型企業基金I累積類股(歐元),2026-08-11,23.22,歐元,美國,中小型股,13.49,4.22,0.27,淨值+報酬率
usa,,路博邁投資基金-NB美國多元企業機會基金E累積類股(美元),2026-08-11,27.83,美元,美國,股票型,13.45,7.62,0.37,淨值+報酬率
usa,,路博邁投資基金-NB美國房地產基金E累積類股(南非幣)(基金之配息來源可能為本金),2026-08-11,231.16,南非幣,美國,REIT,13.44,5.8,0.33,淨值+報酬率
usa,,路博邁投資基金-NB美國房地產基金B累積類股(南非幣)(基金之配息來源可能為本金),2026-08-11,206.61,南非幣,美國,REIT,13.44,5.81,0.33,淨值+報酬率
usa,,路博邁投資基金-NB美國多元企業機會基金B累積類股(美元),2026-08-11,29.57,美元,美國,股票型,13.43,7.61,0.37,淨值+報酬率
usa,,路博邁投資基金-NB美國房地產基金E月配息類股(南非幣)(基金之配息來源可能為本金),2026-08-11,76.2,南非幣,美國,REIT,13.42,5.8,0.33,淨值+報酬率
usa,,路博邁投資基金-NB美國房地產基金B月配息類股(南非幣)(基金之配息來源可能為本金),2026-08-11,76.18,南非幣,美國,REIT,13.4,5.79,0.33,淨值+報酬率
finance,,富達基金-全球金融服務基金(A股美元),2026-08-11,29.92,美元,全球,金融股,13.37,8.8,0.26,淨值+報酬率
usa,,摩根基金-美國小型企業股票基金A股(美元)(累計),2026-08-11,36.08,美元,美國,股票型,13.35,5.74,0.26,淨值+報酬率
usa,,摩根基金-美國小型企業股票基金A股(美元)(分派)(本基金之配息來源可能為本金),2026-08-11,356.68,美元,美國,股票型,13.32,5.72,0.25,淨值+報酬率
usa,,路博邁投資基金-NB美國小型企業基金B累積類股(澳幣),2026-08-11,13.29,澳幣,美國,中小型股,13.3,4.24,0.26,淨值+報酬率
usa,,路博邁投資基金-NB美國小型企業基金E累積類股(澳幣),2026-08-11,18.6,澳幣,美國,中小型股,13.28,4.26,0.26,淨值+報酬率
usa,,富蘭克林坦伯頓全球投資系列穩定月收益基金美元A(Mdis)(本基金有相當比重投資於非投資等級之高風險債券且基金之配息來源可能為本金),2026-08-11,10.0,美元,美國,平衡型,13.25,3.2,0.82,淨值+報酬率
finance,,S＆P金融指數XLF.US,2026-08-11,57.8,美元,美國,市場指數,13.25,10.54,0.26,淨值+報酬率
usa,,富蘭克林高科技基金美元A(本基金之配息來源可能為本金),2026-08-11,201.84,美元,美國,資訊科技股,-37.75,-1.87,0.22,淨值+報酬率
usa,,富蘭克林坦伯頓全球投資系列穩定月收益基金美元A(acc)(本基金有相當比重投資於非投資等級之高風險債券且基金之配息來源可能為本金),2026-08-11,16.91,美元,美國,平衡型,13.19,3.11,0.8,淨值+報酬率
usa,,先鋒不動產基金VNQ.US,2026-08-11,96.38,美元,美國,REIT,13.16,5.26,0.34,淨值+報酬率
usa,,施羅德環球基金系列-美國大型股(美元)A1-累積,2026-08-11,372.3944,美元,美國,股票型,13.02,8.72,0.41,淨值+報酬率
usa,,路博邁投資基金-NB美國房地產基金I累積類股(美元)(基金之配息來源可能為本金),2026-08-11,31.11,美元,美國,REIT,12.96,5.67,0.32,淨值+報酬率
usa,,路博邁投資基金-NB美國多元企業機會基金E累積類股(澳幣),2026-08-11,25.53,澳幣,美國,股票型,12.86,7.49,0.35,淨值+報酬率
usa,,安聯收益成長基金-IT累積類股(美元)(本基金有相當比重投資於非投資等級之高風險債券),2026-08-11,2787.64,美元,美國,平衡型,12.72,5.6,0.51,淨值+報酬率
usa,,富蘭克林坦伯頓全球投資系列穩定月收益基金澳幣避險A(Mdis)-H1(本基金有相當比重投資於非投資等級之高風險債券且基金之配息來源可能為本金),2026-08-11,7.29,澳幣,美國,平衡型,12.69,3.15,0.8,淨值+報酬率
usa,,摩根投資基金-美國智選基金A股(美元)(累計),2026-08-11,970.77,美元,美國,股票型,12.55,7.78,0.31,淨值+報酬率
usa,,PGIM JENNISON美國成長基金-A美元累積型,2026-08-11,330.312,美元,美國,股票型,12.53,12.69,0.22,淨值+報酬率
usa,,路博邁投資基金-NB非投資等級債券基金A月配息類股(日圓)-未避險(本基金配息來源可能為本金且主要投資於符合美國 Rule144A 規定之私募性質債券),2026-08-11,1047.57,日圓,美國,非投資等級債券,12.4,4.59,0.52,淨值+報酬率
hong_kong,,iShares MSCI香港指數EWH.US,2026-08-11,22.48,美元,香港,市場指數,12.33,-4.02,0.18,淨值+報酬率
usa,,富蘭克林坦伯頓全球投資系列穩定月收益基金美元F(Mdis)(本基金有相當比重投資於非投資等級之高風險債券且基金之配息來源可能為本金),2026-08-11,7.9,美元,美國,平衡型,12.16,2.69,0.74,淨值+報酬率
usa,,摩根基金-美國小型企業股票基金F股(美元)(累計),2026-08-11,108.29,美元,美國,股票型,12.14,5.17,0.23,淨值+報酬率
usa,,駿利亨德森資產管理基金-駿利亨德森美國40基金I2美元,2026-08-11,113.92,美元,美國,股票型,-31.66,1.8,0.22,淨值+報酬率
usa,,安聯收益成長基金-AMg7月收總收益類股(美元)(本基金有相當比重投資於非投資等級之高風險債券且配息來源可能為本金),2026-08-11,8.8572,美元,美國,平衡型,11.97,5.25,0.48,淨值+報酬率
usa,,安聯收益成長基金-AM穩定月收類股(美元)(本基金有相當比重投資於非投資等級之高風險債券且配息來源可能為本金),2026-08-11,8.6873,美元,美國,平衡型,11.96,5.25,0.48,淨值+報酬率
usa,,安聯收益成長基金-AM5穩定月收類股(美元)(本基金有相當比重投資於非投資等級之高風險債券且配息來源可能為本金),2026-08-11,10.9215,美元,美國,平衡型,11.96,5.25,0.48,淨值+報酬率
usa,,安聯收益成長基金-AMg2穩定月收息類股(美元)(本基金有相當比重投資於非投資等級之高風險債券且配息來源可能為本金),2026-08-11,13.5872,美元,美國,平衡型,11.95,5.24,0.48,淨值+報酬率
usa,,安聯收益成長基金-AT累積類股(美元)(本基金有相當比重投資於非投資等級之高風險債券),2026-08-11,31.1722,美元,美國,平衡型,11.94,5.24,0.48,淨值+報酬率
usa,,安聯收益成長基金-AM穩定月收類股(港幣)(本基金有相當比重投資於非投資等級之高風險債券且配息來源可能為本金),2026-08-11,8.39,港幣,美國,平衡型,11.92,5.63,0.5,淨值+報酬率
usa,,路博邁投資基金-NB美國房地產基金T累積類股(美元)(基金之配息來源可能為本金),2026-08-11,17.9,美元,美國,REIT,11.81,5.17,0.29,淨值+報酬率
usa,,路博邁投資基金-NB美國房地產基金T月配息類股(美元)(基金之配息來源可能為本金),2026-08-11,10.15,美元,美國,REIT,11.8,5.11,0.29,淨值+報酬率
usa,,路博邁投資基金-NB美國房地產基金T月配息類股(澳幣)(基金之配息來源可能為本金),2026-08-11,8.7,澳幣,美國,REIT,11.66,5.27,0.29,淨值+報酬率
usa,,路博邁投資基金-NB美國房地產基金T累積類股(澳幣)(基金之配息來源可能為本金),2026-08-11,16.57,澳幣,美國,REIT,11.66,5.27,0.29,淨值+報酬率
usa,,摩根投資基金-美國智選基金A股(澳幣對沖)(累計),2026-08-11,26.34,澳幣,美國,股票型,11.61,7.34,0.28,淨值+報酬率
usa,,安聯收益成長基金-AMg7月收總收益類股(澳幣避險)(本基金有相當比重投資於非投資等級之高風險債券且配息來源可能為本金),2026-08-11,8.356,澳幣,美國,平衡型,11.6,5.34,0.47,淨值+報酬率
japan,,瀚亞投資-亞洲非投資等級債券基金Azdmc1(南非幣避險穩定月配)(本基金配息來源可能為本金),2026-08-11,4.493,南非幣,亞太不含日本,非投資等級債券,-29.67,-11.94,0.99,淨值+報酬率
usa,,聯博-美國永續主題基金S1級別美元,2026-08-11,68.6,美元,美國,股票型,11.54,8.05,0.26,淨值+報酬率
usa,,安聯收益成長基金-AM穩定月收類股(澳幣避險)(本基金有相當比重投資於非投資等級之高風險債券且配息來源可能為本金),2026-08-11,8.0269,澳幣,美國,平衡型,11.52,5.27,0.46,淨值+報酬率
usa,,iShare美國不動產指數IYR.US,2026-08-11,102.57,美元,美國,REIT,11.48,4.48,0.31,淨值+報酬率
usa,,安聯收益成長基金-AMg2穩定月收息類股(澳幣避險)(本基金有相當比重投資於非投資等級之高風險債券且配息來源可能為本金),2026-08-11,12.3511,澳幣,美國,平衡型,11.4,5.18,0.46,淨值+報酬率
usa,,聯博-美國永續主題基金I級別美元,2026-08-11,64.46,美元,美國,股票型,11.35,7.92,0.26,淨值+報酬率
usa,,安聯收益成長基金-BMg7月收總收益類股(美元)(本基金有相當比重投資於非投資等級之高風險債券且配息來源可能為本金),2026-08-11,8.3745,美元,美國,平衡型,11.29,4.94,0.45,淨值+報酬率
usa,,安聯收益成長基金-BM穩定月收類股(美元)(本基金有相當比重投資於非投資等級之高風險債券且配息來源可能為本金),2026-08-11,9.2515,美元,美國,平衡型,11.29,4.94,0.45,淨值+報酬率
usa,,安聯收益成長基金-BT累積類股(美元)(本基金有相當比重投資於非投資等級之高風險債券),2026-08-11,14.5996,美元,美國,平衡型,11.27,4.92,0.45,淨值+報酬率
usa,,摩根士丹利美國關鍵股票基金A(美元),2026-08-11,89.91,美元,美國,股票型,11.26,8.92,0.26,淨值+報酬率
usa,,聯博-美國永續主題基金A級別歐元,2026-08-11,45.45,歐元,美國,股票型,11.04,10.56,0.27,淨值+報酬率
usa,,富達基金-美國股票基金(Y股累計美元),2026-08-11,43.27,美元,美國,股票型,10.92,10.86,0.24,淨值+報酬率
usa,,威廉博萊美國大型成長基金-J累積(美元),2026-08-10,172.47,美元,美國,股票型,10.91,14.77,0.19,淨值+報酬率
usa,,駿利亨德森資產管理基金-駿利亨德森平衡基金I2美元,2026-08-11,68.76,美元,美國,平衡型,10.87,6.06,0.44,淨值+報酬率
usa,,安聯收益成長基金-BMg9月收總收益類股(美元)(本基金有相當比重投資於非投資等級之高風險債券且配息來源可能為本金),2026-08-11,10.0352,美元,美國,平衡型,10.86,4.73,0.43,淨值+報酬率
usa,,安聯收益成長基金-BM9穩定月收類股(美元)(本基金有相當比重投資於非投資等級之高風險債券且配息來源可能為本金),2026-08-11,10.4153,美元,美國,平衡型,10.85,4.73,0.43,淨值+報酬率
japan,,瑞銀(盧森堡)亞洲非投資等級債券基金(美元)I-A1-累積,2026-08-11,100.46,美元,亞洲不含日本,非投資等級債券,10.83,2.11,0.75,淨值+報酬率
usa,,安聯收益成長基金-BT9累積類股(美元)(本基金有相當比重投資於非投資等級之高風險債券),2026-08-11,12.4144,美元,美國,平衡型,10.83,4.71,0.43,淨值+報酬率
usa,,駿利亨德森資產管理基金-駿利亨德森美國40基金A2美元,2026-08-11,89.42,美元,美國,股票型,-32.42,1.21,0.2,淨值+報酬率
usa,,路博邁投資基金-NB美國房地產基金E月配息類股(美元)(基金之配息來源可能為本金),2026-08-11,8.51,美元,美國,REIT,10.72,4.59,0.26,淨值+報酬率
usa,,路博邁投資基金-NB美國房地產基金I累積類股(歐元)(基金之配息來源可能為本金),2026-08-11,20.49,歐元,美國,REIT,10.7,4.75,0.26,淨值+報酬率
usa,,路博邁投資基金-NB美國房地產基金B累積類股(美元)(基金之配息來源可能為本金),2026-08-11,15.74,美元,美國,REIT,10.69,4.65,0.26,淨值+報酬率
usa,,路博邁投資基金-NB美國房地產基金E累積類股(美元)(基金之配息來源可能為本金),2026-08-11,14.93,美元,美國,REIT,10.67,4.63,0.26,淨值+報酬率
japan,,富達基金-亞洲小型企業基金(Y股累計美元),2026-08-11,40.69,美元,亞太不含日本,中小型股,10.63,-5.33,0.18,淨值+報酬率
usa,,路博邁投資基金-NB美國房地產基金B累積類股(澳幣)(基金之配息來源可能為本金),2026-08-11,12.49,澳幣,美國,REIT,-26.03,-5.83,0.26,淨值+報酬率
usa,,路博邁投資基金-NB美國房地產基金B月配息類股(美元)(基金之配息來源可能為本金),2026-08-11,8.51,美元,美國,REIT,10.59,4.59,0.26,淨值+報酬率
healthcare,,富達基金-永續發展全球健康護理基金(Y股累計歐元),2026-08-11,54.57,歐元,全球,健康護理股,10.58,2.77,0.21,淨值+報酬率
usa,,路博邁投資基金-NB美國房地產基金E累積類股(澳幣)(基金之配息來源可能為本金),2026-08-11,13.51,澳幣,美國,REIT,-26.06,-5.84,0.26,淨值+報酬率
usa,,路博邁投資基金-NB美國房地產基金E月配息類股(澳幣)(基金之配息來源可能為本金),2026-08-11,7.21,澳幣,美國,REIT,-26.09,-5.83,0.26,淨值+報酬率
usa,,路博邁投資基金-NB美國房地產基金B月配息類股(澳幣)(基金之配息來源可能為本金),2026-08-11,7.23,澳幣,美國,REIT,-26.06,-5.82,0.26,淨值+報酬率
usa,,聯博-美國永續主題基金A級別美元,2026-08-11,52.46,美元,美國,股票型,10.44,7.5,0.24,淨值+報酬率
usa,,威廉博萊美國大型成長基金-A累積(美元),2026-08-10,135.26,美元,美國,股票型,10.41,14.52,0.18,淨值+報酬率
japan,,富達基金-亞洲小型企業基金(A股歐元),2026-08-11,36.13,歐元,亞太不含日本,中小型股,10.29,-2.94,0.22,淨值+報酬率
japan,,富達基金-亞洲小型企業基金(A股累計歐元),2026-08-11,41.85,歐元,亞太不含日本,中小型股,10.28,-2.97,0.22,淨值+報酬率
usa,,安聯收益成長基金-AM穩定月收類股(紐幣避險)(本基金有相當比重投資於非投資等級之高風險債券且配息來源可能為本金),2026-08-11,7.2033,紐幣,美國,平衡型,10.17,4.41,0.41,淨值+報酬率
usa,,聯博-美國永續主題基金A澳幣避險級別,2026-08-11,83.9,澳幣,美國,股票型,10.08,7.58,0.23,淨值+報酬率
usa,,聯博-美國成長基金AD月配南非幣避險級別(基金之配息來源可能為本金),2026-08-11,376.68,南非幣,美國,股票型,10.05,9.23,0.24,淨值+報酬率
japan,,瑞銀(盧森堡)亞洲非投資等級債券基金(美元)(月配息)(本基金之配息來源可能為本金),2026-08-11,49.86,美元,亞洲不含日本,非投資等級債券,-27.24,-5.14,0.69,淨值+報酬率
usa,,富蘭克林坦伯頓全球投資系列美國機會基金歐元A(acc),2026-08-11,35.36,歐元,美國,股票型,-31.28,-2.8,0.22,淨值+報酬率
japan,,瑞銀(盧森堡)亞洲非投資等級債券基金(美元),2026-08-11,133.31,美元,亞洲不含日本,非投資等級債券,-26.84,-4.65,0.69,淨值+報酬率
usa,,富達基金-美國股票基金(A股美元),2026-08-11,109.3,美元,美國,股票型,9.96,10.36,0.22,淨值+報酬率
healthcare,,富達基金-永續發展全球健康護理基金(Y股累計美元),2026-08-11,14.18,美元,全球,健康護理股,9.92,-0.21,0.22,淨值+報酬率
china,,法巴中國股票基金C(美元)(已撤銷核備),2026-08-11,512.04,美元,大中華,股票型,-28.38,-10.01,0.17,淨值+報酬率
japan,,富達基金-亞洲非投資等級債券基金(I股月配息美元),2026-08-11,5.926,美元,亞洲不含日本,非投資等級債券,9.77,2.92,0.79,淨值+報酬率
usa,,安聯收益成長基金-AM穩定月收類股(歐元避險)(本基金有相當比重投資於非投資等級之高風險債券且配息來源可能為本金),2026-08-11,8.1865,歐元,美國,平衡型,9.76,4.33,0.39,淨值+報酬率
usa,,駿利亨德森資產管理基金-駿利亨德森平衡基金A2美元,2026-08-11,53.94,美元,美國,平衡型,9.75,5.54,0.39,淨值+報酬率
usa,,駿利亨德森資產管理基金-駿利亨德森平衡基金A5月配美元(本基金某些股份類別之配息來源可能為本金),2026-08-11,15.15,美元,美國,平衡型,9.74,5.56,0.39,淨值+報酬率
japan,,瀚亞投資-亞洲非投資等級債券基金C(美元),2026-08-11,12.544,美元,亞太不含日本,非投資等級債券,-31.6,-12.83,0.82,淨值+報酬率
japan,,富達基金-亞洲小型企業基金(A股美元),2026-08-11,31.17,美元,亞太不含日本,中小型股,9.72,-5.7,0.17,淨值+報酬率
usa,,駿利亨德森資產管理基金-駿利亨德森美國40基金T2美元,2026-08-11,13.78,美元,美國,股票型,9.71,11.22,0.18,淨值+報酬率
usa,,駿利亨德森資產管理基金-駿利亨德森美國40基金B2美元,2026-08-11,67.87,美元,美國,股票型,-33.09,0.75,0.18,淨值+報酬率
japan,,富達基金-亞洲小型企業基金(A股累計美元),2026-08-11,36.09,美元,亞太不含日本,中小型股,9.7,-5.72,0.17,淨值+報酬率
usa,,駿利亨德森資產管理基金-駿利亨德森平衡基金A6穩月配美元(本基金某些股份類別之配息來源可能為本金),2026-08-11,11.74,美元,美國,平衡型,9.67,5.52,0.39,淨值+報酬率
japan,,富達基金-亞洲非投資等級債券基金(A股累計歐元),2026-08-11,18.85,歐元,亞洲不含日本,非投資等級債券,9.66,5.6,0.46,淨值+報酬率
healthcare,,富達基金-永續發展全球健康護理基金(A股歐元),2026-08-11,62.88,歐元,全球,健康護理股,9.64,2.33,0.19,淨值+報酬率
japan,,富達基金-亞洲非投資等級債券基金(Y股穩定月配息美元)(本基金之配息來源可能為本金),2026-08-11,6.054,美元,亞洲不含日本,非投資等級債券,9.57,2.84,0.77,淨值+報酬率
usa,,MFS全盛基金系列-MFS全盛美國密集成長基金I1(美元),2026-08-11,698.74,美元,美國,股票型,9.56,6.06,0.24,淨值+報酬率
japan,,富達基金-亞洲非投資等級債券基金(Y股累計美元),2026-08-11,19.44,美元,亞洲不含日本,非投資等級債券,9.52,2.8,0.77,淨值+報酬率
usa,,駿利亨德森資產管理基金-駿利亨德森美國40基金I2歐元避險,2026-08-11,94.96,歐元,美國,股票型,-34.11,-0.57,0.18,淨值+報酬率
usa,,富蘭克林坦伯頓全球投資系列美國機會基金美元A(acc),2026-08-11,40.77,美元,美國,股票型,-35.31,-1.27,0.22,淨值+報酬率
usa,,聯博-美國成長基金S1級別美元(基金之配息來源可能為本金),2026-08-11,357.96,美元,美國,股票型,-26.65,2.72,0.22,淨值+報酬率
usa,,聯博-美國永續主題基金E級別美元,2026-08-11,18.66,美元,美國,股票型,9.31,6.93,0.21,淨值+報酬率
usa,,富蘭克林坦伯頓全球投資系列穩定月收益基金日圓避險A(Mdis)-H1(本基金有相當比重投資於非投資等級之高風險債券且基金之配息來源可能為本金),2026-08-11,906.21,日圓,美國,平衡型,9.22,1.51,0.56,淨值+報酬率
usa,,駿利亨德森資產管理基金-駿利亨德森平衡基金A5月配澳幣避險(本基金某些股份類別之配息來源可能為本金),2026-08-11,13.24,澳幣,美國,平衡型,9.2,5.43,0.36,淨值+報酬率
usa,,駿利亨德森資產管理基金-駿利亨德森平衡基金A2澳幣避險,2026-08-11,24.17,澳幣,美國,平衡型,9.17,5.41,0.37,淨值+報酬率
usa,,聯博-美國成長基金I級別美元(基金之配息來源可能為本金),2026-08-11,332.74,美元,美國,股票型,-26.82,2.6,0.21,淨值+報酬率
japan,,富達基金-亞洲非投資等級債券基金(A股C月配息美元)(本基金之配息來源可能為本金),2026-08-11,10.13,美元,亞洲不含日本,非投資等級債券,9.13,2.69,0.73,淨值+報酬率
japan,,瀚亞投資-亞洲非投資等級債券基金Admc1(美元穩定月配)(本基金配息來源可能為本金),2026-08-11,3.998,美元,亞太不含日本,非投資等級債券,-32.12,-13.15,0.76,淨值+報酬率
healthcare,,富達基金-永續發展全球健康護理基金(A股累計美元),2026-08-11,25.64,美元,全球,健康護理股,9.06,-0.58,0.2,淨值+報酬率
japan,,瀚亞投資-亞洲非投資等級債券基金Adm(美元月配)(本基金配息來源可能為本金),2026-08-11,4.254,美元,亞太不含日本,非投資等級債券,-32.11,-13.13,0.76,淨值+報酬率
japan,,富達基金-亞洲非投資等級債券基金(A股累計美元),2026-08-11,16.79,美元,亞洲不含日本,非投資等級債券,9.03,2.57,0.73,淨值+報酬率
japan,,瀚亞投資-亞洲非投資等級債券基金A(美元),2026-08-11,11.277,美元,亞太不含日本,非投資等級債券,-32.1,-13.13,0.75,淨值+報酬率
japan,,富達基金-亞洲非投資等級債券基金(A股穩定月配息美元)(本基金之配息來源可能為本金),2026-08-11,5.204,美元,亞洲不含日本,非投資等級債券,9.02,2.57,0.72,淨值+報酬率
japan,,富達基金-亞洲非投資等級債券基金(A股月配息美元),2026-08-11,4.922,美元,亞洲不含日本,非投資等級債券,9.01,2.56,0.72,淨值+報酬率
japan,,富達基金-亞洲非投資等級債券基金(A股【F1穩定月配息】美元)(本基金之配息來源可能為本金),2026-08-11,4.595,美元,亞洲不含日本,非投資等級債券,9.01,2.56,0.72,淨值+報酬率
japan,,富達基金-亞洲非投資等級債券基金(A股H月配息澳幣避險)(本基金之配息來源可能為本金),2026-08-11,4.681,澳幣,亞洲不含日本,非投資等級債券,-25.73,-3.67,0.71,淨值+報酬率
usa,,駿利亨德森資產管理基金-駿利亨德森平衡基金I2加幣避險,2026-08-11,24.62,加幣,美國,平衡型,8.89,5.17,0.36,淨值+報酬率
usa,,聯博-美國成長基金A級別歐元(基金之配息來源可能為本金),2026-08-11,227.72,歐元,美國,股票型,8.86,11.65,0.19,淨值+報酬率
japan,,瀚亞投資-亞洲非投資等級債券基金Aadmc1(澳幣避險穩定月配)(本基金配息來源可能為本金),2026-08-11,3.441,澳幣,亞太不含日本,非投資等級債券,-32.53,-13.44,0.73,淨值+報酬率
usa,,駿利亨德森資產管理基金-駿利亨德森平衡基金T2美元,2026-08-11,14.08,美元,美國,平衡型,8.64,5.0,0.34,淨值+報酬率
usa,,駿利亨德森資產管理基金-駿利亨德森平衡基金B2美元,2026-08-11,41.01,美元,美國,平衡型,8.64,4.99,0.34,淨值+報酬率
usa,,駿利亨德森資產管理基金-駿利亨德森平衡基金T6穩月配美元(本基金某些股份類別之配息來源可能為本金),2026-08-11,10.71,美元,美國,平衡型,8.63,5.01,0.34,淨值+報酬率
usa,,聯博-美國永續主題基金A加幣避險級別,2026-08-11,79.02,加幣,美國,股票型,8.62,6.7,0.2,淨值+報酬率
usa,,MFS全盛基金系列-MFS全盛美國密集成長基金A1(美元),2026-08-11,49.04,美元,美國,股票型,8.52,5.55,0.21,淨值+報酬率
usa,,駿利亨德森資產管理基金-駿利亨德森平衡基金I2歐元避險,2026-08-11,32.12,歐元,美國,平衡型,8.48,4.97,0.34,淨值+報酬率
china,,摩根基金-中國基金A股(美元)(累計),2026-08-11,50.74,美元,中國,股票型,-26.86,-7.89,0.15,淨值+報酬率
china,,摩根基金-中國基金A股(美元)(分派)(本基金之配息來源可能為本金),2026-08-11,77.26,美元,中國,股票型,-26.87,-7.91,0.15,淨值+報酬率
usa,,富蘭克林坦伯頓全球投資系列美國機會基金美元F(acc),2026-08-11,28.3,美元,美國,股票型,-35.96,-1.76,0.19,淨值+報酬率
hong_kong,,安聯香港股票基金-A配息類股(美元)(基金之配息來源可能為本金),2026-08-11,272.8768,美元,香港,股票型,8.34,-5.24,0.14,淨值+報酬率
usa,,聯博-美國成長基金AP(總報酬月配)級別美元(基金之配息來源可能為本金),2026-08-11,74.38,美元,美國,股票型,8.31,8.63,0.19,淨值+報酬率
usa,,聯博-美國成長基金AD月配級別美元(基金之配息來源可能為本金),2026-08-11,58.99,美元,美國,股票型,-27.41,2.17,0.19,淨值+報酬率
usa,,安聯收益成長基金-AMi穩定月收類股(日圓避險)(本基金有相當比重投資於非投資等級之高風險債券且配息來源可能為本金),2026-08-11,1904.02,日圓,美國,平衡型,8.29,3.7,0.33,淨值+報酬率
usa,,安聯收益成長基金-AMgi月收總收益類股(日圓避險)(本基金有相當比重投資於非投資等級之高風險債券且配息來源可能為本金),2026-08-11,1842.93,日圓,美國,平衡型,8.29,3.69,0.33,淨值+報酬率
usa,,聯博-美國成長基金A級別美元(基金之配息來源可能為本金),2026-08-11,262.88,美元,美國,股票型,-27.41,2.18,0.19,淨值+報酬率
usa,,駿利亨德森資產管理基金-駿利亨德森美國40基金A2歐元避險,2026-08-11,71.33,歐元,美國,股票型,-34.87,-1.19,0.15,淨值+報酬率
usa,,富蘭克林坦伯頓全球投資系列穩定月收益基金日圓避險F(Mdis)-H1(本基金有相當比重投資於非投資等級之高風險債券且基金之配息來源可能為本金),2026-08-11,921.4,日圓,美國,平衡型,8.14,1.03,0.49,淨值+報酬率
china,,安聯中國股票基金-IT累積類股(美元),2026-08-11,3560.68,美元,中國,股票型,8.12,-4.87,0.13,淨值+報酬率
healthcare,,富達基金-永續發展全球健康護理基金(B股累計美元),2026-08-11,10.53,美元,全球,健康護理股,7.96,-1.03,0.17,淨值+報酬率
japan,,富達基金-亞洲非投資等級債券基金(B股C月配息美元)(本基金之配息來源可能為本金),2026-08-11,10.01,美元,亞洲不含日本,非投資等級債券,7.94,2.07,0.62,淨值+報酬率
japan,,富達基金-亞洲非投資等級債券基金(B股累計美元),2026-08-11,12.39,美元,亞洲不含日本,非投資等級債券,7.93,2.06,0.62,淨值+報酬率
japan,,富達基金-亞洲非投資等級債券基金(B股【F1穩定月配息】美元)(本基金之配息來源可能為本金),2026-08-11,10.37,美元,亞洲不含日本,非投資等級債券,7.91,2.08,0.64,淨值+報酬率
usa,,聯博-美國成長基金AP(總報酬月配)澳幣避險級別(基金之配息來源可能為本金),2026-08-11,73.3,澳幣,美國,股票型,7.89,8.64,0.18,淨值+報酬率
usa,,聯博-美國成長基金AD月配澳幣避險級別(基金之配息來源可能為本金),2026-08-11,53.17,澳幣,美國,股票型,-29.26,0.89,0.18,淨值+報酬率
usa,,駿利亨德森資產管理基金-駿利亨德森平衡基金A5月配加幣避險(本基金某些股份類別之配息來源可能為本金),2026-08-11,13.66,加幣,美國,平衡型,7.8,4.69,0.31,淨值+報酬率
usa,,東方匯理基金美國非投資等級債券A南非幣避險(穩定月配息)(本基金主要投資於符合美國RULE 144A規定之私募性質債券且配息來源可能為本金),2026-08-11,351.68,南非幣,美國,非投資等級債券,7.77,2.42,0.89,淨值+報酬率
usa,,瀚亞投資-美國非投資等級債券基金Azdmc1(南非幣避險穩定月配)(本基金配息來源可能為本金且主要投資於符合美國Rule 144A規定之私募性質債券),2026-08-11,5.603,南非幣,美國,非投資等級債券,7.72,2.65,1.04,淨值+報酬率
usa,,瀚亞投資-美國非投資等級債券基金Azdm(南非幣避險月配)(本基金配息來源可能為本金且主要投資於符合美國Rule 144A規定之私募性質債券),2026-08-11,6.874,南非幣,美國,非投資等級債券,7.72,2.64,1.04,淨值+報酬率
usa,,MFS全盛基金系列-MFS全盛美國密集成長基金C1(美元),2026-08-11,39.88,美元,美國,股票型,7.67,5.17,0.19,淨值+報酬率
usa,,美盛凱利美國大型公司成長基金優類股美元累積型,2026-08-11,451.67,美元,美國,股票型,-30.62,1.65,0.17,淨值+報酬率
usa,,駿利亨德森資產管理基金-駿利亨德森平衡基金A5月配歐元避險(本基金某些股份類別之配息來源可能為本金),2026-08-11,11.9,歐元,美國,平衡型,7.43,4.46,0.29,淨值+報酬率
usa,,駿利亨德森資產管理基金-駿利亨德森平衡基金A2歐元避險,2026-08-11,45.57,歐元,美國,平衡型,7.38,4.45,0.29,淨值+報酬率
china,,摩根基金-中國基金F股(美元)(累計),2026-08-11,128.56,美元,中國,股票型,-27.65,-8.4,0.13,淨值+報酬率
hong_kong,,施羅德環球基金系列-香港股票(港元)C-累積,2026-08-11,555.8477,港幣,香港,股票型,7.28,-7.28,0.12,淨值+報酬率
usa,,聯博-美國成長基金EP(總報酬月配)級別美元(基金之配息來源可能為本金),2026-08-11,72.73,美元,美國,股票型,7.26,8.1,0.17,淨值+報酬率
usa,,聯博-美國成長基金ED月配級別美元(基金之配息來源可能為本金),2026-08-11,37.36,美元,美國,股票型,-28.13,1.65,0.17,淨值+報酬率
usa,,聯博-房貸收益基金AA(穩定月配)南非幣避險級別(本基金有相當比重投資於非投資等級之高風險債券且配息來源可能為本金),2026-08-11,62.02,南非幣,美國,債券型,7.18,2.67,2.13,淨值+報酬率
usa,,富蘭克林公用事業基金美元A1(本基金之配息來源可能為本金),2026-08-11,24.92,美元,美國,公共事業股,7.16,-0.66,0.15,淨值+報酬率
usa,,富蘭克林公用事業基金美元A(本基金之配息來源可能為本金),2026-08-11,24.91,美元,美國,公共事業股,7.06,-0.71,0.15,淨值+報酬率
japan,,貝萊德亞洲老虎債券基金A8多幣別穩定月配息股份-南非幣避險(基金有相當比重投資於非投資等級之高風險債券且配息來源可能為本金),2026-08-11,76.5,南非幣,亞洲不含日本,債券型,7.04,1.01,0.68,淨值+報酬率
china,,安聯中國股票基金-A配息類股(美元)(基金之配息來源可能為本金),2026-08-11,67.4085,美元,中國,股票型,7.02,-5.34,0.12,淨值+報酬率
usa,,美盛凱利美國大型公司成長基金A類股歐元累積型,2026-08-11,938.86,歐元,美國,股票型,-27.02,-0.46,0.14,淨值+報酬率
china,,霸菱香港中國基金-A類歐元配息型,2026-08-11,1116.54,歐元,中國,股票型,-26.68,-13.63,0.11,淨值+報酬率
usa,,美盛美國非投資等級債券基金優類股美元累積型(本基金主要投資於符合美國Rule 144A規定之私募性質債券且基金之配息來源可能為本金),2026-08-11,229.18,美元,美國,非投資等級債券,6.96,1.79,0.69,淨值+報酬率
usa,,東方匯理基金美國非投資等級債券U南非幣避險(穩定月配息)(本基金主要投資於符合美國RULE 144A規定之私募性質債券且配息來源可能為本金),2026-08-11,331.16,南非幣,美國,非投資等級債券,6.91,2.04,0.78,淨值+報酬率
usa,,東方匯理基金美國非投資等級債券B南非幣避險(穩定月配息)(本基金主要投資於符合美國RULE 144A規定之私募性質債券且配息來源可能為本金),2026-08-11,320.57,南非幣,美國,非投資等級債券,6.89,2.07,0.78,淨值+報酬率
usa,,東方匯理基金美國非投資等級債券T南非幣避險(穩定月配息)(本基金主要投資於符合美國RULE 144A規定之私募性質債券且配息來源可能為本金),2026-08-11,334.75,南非幣,美國,非投資等級債券,6.87,2.0,0.78,淨值+報酬率
usa,,聯博-美國成長基金EP(總報酬月配)澳幣避險級別(基金之配息來源可能為本金),2026-08-11,71.55,澳幣,美國,股票型,6.82,8.1,0.16,淨值+報酬率
usa,,美盛凱利美國大型公司成長基金A(G)類股美元累積型,2026-08-11,716.14,美元,美國,股票型,-31.06,1.33,0.15,淨值+報酬率
usa,,富達基金-美元非投資等級債券基金(I股月配息美元)(本基金主要投資於符合美國Rule 144A規定之私募性質債券),2026-08-11,9.289,美元,美國,非投資等級債券,6.78,2.18,0.9,淨值+報酬率
hong_kong,,施羅德環球基金系列-香港股票(美元)A-累積,2026-08-11,59.0395,美元,香港,股票型,6.74,-7.89,0.11,淨值+報酬率
usa,,聯博-美國成長基金ED月配澳幣避險級別(基金之配息來源可能為本金),2026-08-11,19.0,澳幣,美國,股票型,-29.99,0.33,0.15,淨值+報酬率
hong_kong,,施羅德環球基金系列-香港股票(港元)A-累積,2026-08-11,478.7487,港幣,香港,股票型,6.69,-7.54,0.11,淨值+報酬率
usa,,富達基金-美元非投資等級債券基金(A股累計歐元)(本基金主要投資於符合美國Rule 144A規定之私募性質債券),2026-08-11,31.81,歐元,美國,非投資等級債券,6.67,4.85,0.35,淨值+報酬率
usa,,駿利亨德森資產管理基金-駿利亨德森非投資等級債券基金I1月配美元(本基金某些股份類別之配息來源可能為本金。本基金主要投資於符合美國Rule 144A規定之私募性質債券),2026-08-11,8.11,美元,美國,非投資等級債券,6.66,1.66,0.69,淨值+報酬率
usa,,富達基金-美元非投資等級債券基金(Y股累計美元)(本基金主要投資於符合美國Rule 144A規定之私募性質債券),2026-08-11,29.78,美元,美國,非投資等級債券,6.62,2.09,0.88,淨值+報酬率
usa,,富達基金-美元非投資等級債券基金(Y股美元)(本基金主要投資於符合美國Rule 144A規定之私募性質債券),2026-08-11,9.66,美元,美國,非投資等級債券,6.61,2.12,0.89,淨值+報酬率
usa,,駿利亨德森資產管理基金-駿利亨德森非投資等級債券基金I2美元(本基金主要投資於符合美國Rule 144A規定之私募性質債券),2026-08-11,25.64,美元,美國,非投資等級債券,6.61,1.71,0.68,淨值+報酬率
usa,,富達基金-美元非投資等級債券基金(Y股穩定月配息美元)(本基金主要投資於符合美國Rule 144A規定之私募性質債券且配息來源可能為本金),2026-08-11,9.743,美元,美國,非投資等級債券,6.6,2.08,0.88,淨值+報酬率
usa,,路博邁投資基金-NB非投資等級債券基金T月配息類股(南非幣)(本基金配息來源可能為本金且主要投資於符合美國 Rule144A 規定之私募性質債券),2026-08-11,53.92,南非幣,美國,非投資等級債券,6.51,1.82,0.65,淨值+報酬率
usa,,路博邁投資基金-NB非投資等級債券基金T累積類股(南非幣)(本基金配息來源可能為本金且主要投資於符合美國 Rule144A 規定之私募性質債券),2026-08-11,193.0,南非幣,美國,非投資等級債券,6.46,1.78,0.64,淨值+報酬率
usa,,安聯美元短年期非投資等級債券基金-AMg穩定月收總收益類股(南非幣避險)(本基金主要投資於符合美國Rule 144A規定之私募性質債券且配息來源可能為本金),2026-08-11,116.95,南非幣,美國,非投資等級債券,6.45,2.77,0.95,淨值+報酬率
usa,,富達基金-美元非投資等級債券基金(Y股月配息澳幣避險)(本基金主要投資於符合美國Rule 144A規定之私募性質債券),2026-08-11,9.267,澳幣,美國,非投資等級債券,6.44,2.24,0.89,淨值+報酬率
usa,,美盛凱利美國大型公司成長基金A類股美元累積型,2026-08-11,674.72,美元,美國,股票型,-31.3,1.15,0.14,淨值+報酬率
usa,,美盛凱利美國大型公司成長基金A類股美元配息型(A),2026-08-11,675.03,美元,美國,股票型,-31.3,1.15,0.14,淨值+報酬率
usa,,聯博-美國成長基金I歐元避險級別(基金之配息來源可能為本金),2026-08-11,129.38,歐元,美國,股票型,-29.16,0.45,0.15,淨值+報酬率
usa,,美盛美國非投資等級債券基金A類股美元增益配息型(M)(本基金主要投資於符合美國Rule 144A規定之私募性質債券且基金之配息來源可能為本金),2026-08-11,64.94,美元,美國,非投資等級債券,6.28,1.49,0.61,淨值+報酬率
usa,,美盛美國非投資等級債券基金A類股美元配息型(M)(本基金主要投資於符合美國Rule 144A規定之私募性質債券且基金之配息來源可能為本金),2026-08-11,85.03,美元,美國,非投資等級債券,6.28,1.46,0.6,淨值+報酬率
usa,,美盛美國非投資等級債券基金A類股美元累積型(本基金主要投資於符合美國Rule 144A規定之私募性質債券且基金之配息來源可能為本金),2026-08-11,234.25,美元,美國,非投資等級債券,6.27,1.47,0.61,淨值+報酬率
hong_kong,,施羅德環球基金系列-香港股票(美元)A1-累積,2026-08-11,54.7982,美元,香港,股票型,6.2,-8.12,0.1,淨值+報酬率
hong_kong,,施羅德環球基金系列-香港股票(港元)A1-累積,2026-08-11,429.9148,港幣,香港,股票型,6.16,-7.76,0.1,淨值+報酬率
usa,,富達基金-美元非投資等級債券基金(A股累計美元)(本基金主要投資於符合美國Rule 144A規定之私募性質債券),2026-08-11,20.16,美元,美國,非投資等級債券,6.11,1.87,0.79,淨值+報酬率
usa,,富達基金-美元非投資等級債券基金(A股C月配息美元)(本基金主要投資於符合美國Rule 144A規定之私募性質債券且配息來源可能為本金),2026-08-11,7.142,美元,美國,非投資等級債券,6.1,1.85,0.79,淨值+報酬率
usa,,富達基金-美元非投資等級債券基金(A股【F1穩定月配息】美元)(本基金主要投資於符合美國Rule 144A規定之私募性質債券且配息來源可能為本金),2026-08-11,7.76,美元,美國,非投資等級債券,6.09,1.87,0.8,淨值+報酬率
usa,,富達基金-美元非投資等級債券基金(A股穩定月配息美元)(本基金主要投資於符合美國Rule 144A規定之私募性質債券且配息來源可能為本金),2026-08-11,10.24,美元,美國,非投資等級債券,6.07,1.85,0.8,淨值+報酬率
usa,,富達基金-美元非投資等級債券基金(A股美元)(本基金主要投資於符合美國Rule 144A規定之私募性質債券),2026-08-11,11.27,美元,美國,非投資等級債券,6.07,1.89,0.81,淨值+報酬率
usa,,富達基金-美元非投資等級債券基金(A股月配息美元)(本基金主要投資於符合美國Rule 144A規定之私募性質債券),2026-08-11,10.7,美元,美國,非投資等級債券,6.05,1.85,0.82,淨值+報酬率
japan,,瀚亞投資-亞洲債券基金Azdm(南非幣避險月配)(本基金有相當比重投資於非投資等級之高風險債券且配息來源可能為本金),2026-08-11,7.276,南非幣,亞太不含日本,債券型,6.02,1.03,0.65,淨值+報酬率
usa,,富達基金-美元非投資等級債券基金(A股月配息澳幣避險)(本基金主要投資於符合美國Rule 144A規定之私募性質債券),2026-08-11,9.534,澳幣,美國,非投資等級債券,6.01,2.0,0.82,淨值+報酬率
japan,,瀚亞投資-亞洲債券基金Az(南非幣避險)(本基金有相當比重投資於非投資等級之高風險債券),2026-08-11,19.943,南非幣,亞太不含日本,債券型,6.0,0.98,0.65,淨值+報酬率
usa,,東方匯理基金美國非投資等級債券I2美元(本基金主要投資於符合美國RULE 144A規定之私募性質債券且配息來源可能為本金),2026-08-11,23.5,美元,美國,非投資等級債券,6.0,1.51,0.63,淨值+報酬率
china,,霸菱香港中國基金-A類美元配息型,2026-08-11,1287.88,美元,中國,股票型,-30.92,-12.5,0.1,淨值+報酬率
usa,,瀚亞投資-美國非投資等級債券基金Cdm(美元月配)(本基金配息來源可能為本金且主要投資於符合美國Rule 144A規定之私募性質債券),2026-08-11,8.163,美元,美國,非投資等級債券,5.92,1.74,0.76,淨值+報酬率
usa,,瀚亞投資-美國非投資等級債券基金C(美元)(本基金主要投資於符合美國Rule 144A規定之私募性質債券),2026-08-11,37.289,美元,美國,非投資等級債券,5.91,1.73,0.76,淨值+報酬率
usa,,晉達環球策略基金-美國股票基金I收益股份,2026-08-11,78.54,美元,美國,股票型,5.86,11.42,0.11,淨值+報酬率
usa,,摩根基金-美國基金A股(澳幣)(累計),2026-08-11,62.26,澳幣,美國,股票型,5.81,8.71,0.15,淨值+報酬率
china,,荷寶資本成長基金-荷寶中國股票D歐元(已撤銷核備),2026-08-10,105.68,歐元,中國,股票型,-29.38,-16.18,0.1,淨值+報酬率
usa,,駿利亨德森資產管理基金-駿利亨德森非投資等級債券基金A2美元(本基金主要投資於符合美國Rule 144A規定之私募性質債券),2026-08-11,35.87,美元,美國,非投資等級債券,5.69,1.27,0.56,淨值+報酬率
usa,,駿利亨德森資產管理基金-駿利亨德森非投資等級債券基金A6穩月配美元(本基金某些股份類別之配息來源可能為本金。本基金主要投資於符合美國Rule 144A規定之私募性質債券),2026-08-11,9.48,美元,美國,非投資等級債券,5.67,1.25,0.55,淨值+報酬率
usa,,駿利亨德森資產管理基金-駿利亨德森非投資等級債券基金A3月配美元(本基金某些股份類別之配息來源可能為本金。本基金主要投資於符合美國Rule 144A規定之私募性質債券),2026-08-11,6.43,美元,美國,非投資等級債券,5.62,1.29,0.58,淨值+報酬率
china,,施羅德環球基金系列-中國優勢(美元)A-累積,2026-08-11,421.0534,美元,中國,股票型,5.59,-8.86,0.09,淨值+報酬率
china,,霸菱香港中國基金-A類英鎊配息型,2026-08-11,953.92,英鎊,中國,股票型,-25.58,-14.05,0.09,淨值+報酬率
usa,,聯博-美國成長基金A歐元避險級別(基金之配息來源可能為本金),2026-08-11,113.34,歐元,美國,股票型,-29.74,0.0,0.12,淨值+報酬率
usa,,駿利亨德森資產管理基金-駿利亨德森非投資等級債券基金A3月配澳幣避險(本基金某些股份類別之配息來源可能為本金。本基金主要投資於符合美國Rule 144A規定之私募性質債券),2026-08-11,6.93,澳幣,美國,非投資等級債券,5.52,1.41,0.56,淨值+報酬率
usa,,東方匯理基金美國非投資等級債券A歐元(本基金主要投資於符合美國RULE 144A規定之私募性質債券且配息來源可能為本金),2026-08-11,15.74,歐元,美國,非投資等級債券,5.5,3.83,0.28,淨值+報酬率
usa,,摩根基金-美國企業成長基金A股(美元)(累計),2026-08-11,99.21,美元,美國,股票型,5.48,4.3,0.11,淨值+報酬率
usa,,摩根基金-美國企業成長基金A股(美元)(分派)(本基金之配息來源可能為本金),2026-08-11,52.01,美元,美國,股票型,5.45,4.29,0.11,淨值+報酬率
usa,,路博邁投資基金-NB非投資等級債券基金E累積類股(南非幣)(本基金配息來源可能為本金且主要投資於符合美國 Rule144A 規定之私募性質債券),2026-08-11,201.7,南非幣,美國,非投資等級債券,5.45,1.32,0.52,淨值+報酬率
usa,,路博邁投資基金-NB非投資等級債券基金E月配息類股(南非幣)(本基金配息來源可能為本金且主要投資於符合美國 Rule144A 規定之私募性質債券),2026-08-11,45.99,南非幣,美國,非投資等級債券,5.44,1.32,0.52,淨值+報酬率
usa,,路博邁投資基金-NB非投資等級債券基金B月配息類股(南非幣)(本基金配息來源可能為本金且主要投資於符合美國 Rule144A 規定之私募性質債券),2026-08-11,46.48,南非幣,美國,非投資等級債券,5.43,1.31,0.52,淨值+報酬率
usa,,聯博-房貸收益基金S1級別美元(本基金有相當比重投資於非投資等級之高風險債券且配息來源可能為本金),2026-08-11,23.76,美元,美國,債券型,5.37,1.76,1.52,淨值+報酬率
usa,,Muzinich美國收益基金避險美元累積A信託單位(本基金主要係投資於非投資等級之高風險債券及符合美國Rule 144A規定之私募性質債券),2026-08-10,385.08,美元,美國,債券型,5.19,1.35,0.58,淨值+報酬率
usa,,Muzinich美國收益基金避險美元收益A信託單位(本基金主要係投資於非投資等級之高風險債券及符合美國Rule 144A規定之私募性質債券),2026-08-10,83.82,美元,美國,債券型,5.18,1.34,0.57,淨值+報酬率
usa,,法盛盧米斯賽勒斯美國成長股票基金R/A USD,2026-08-10,402.01,美元,美國,股票型,5.16,5.14,0.09,淨值+報酬率
usa,,路博邁投資基金-NB非投資等級債券基金I累積類股(美元)(本基金配息來源可能為本金且主要投資於符合美國 Rule144A 規定之私募性質債券),2026-08-11,32.89,美元,美國,非投資等級債券,5.15,1.23,0.5,淨值+報酬率
usa,,聯博-房貸收益基金A2X級別歐元(本基金有相當比重投資於非投資等級之高風險債券且配息來源可能為本金),2026-08-11,14.72,歐元,美國,債券型,5.14,4.25,0.24,淨值+報酬率
japan,,匯豐投資信託基金-匯豐亞洲非投資等級債券基金IC-USD(本基金配息來源可能為本金),2026-08-11,9.724,美元,亞太不含日本,非投資等級債券,5.12,-0.1,0.38,淨值+報酬率
usa,,瀚亞投資-美國非投資等級債券基金Admc1(美元穩定月配)(本基金配息來源可能為本金且主要投資於符合美國Rule 144A規定之私募性質債券),2026-08-11,5.026,美元,美國,非投資等級債券,5.11,1.34,0.63,淨值+報酬率
usa,,路博邁投資基金-NB非投資等級債券基金I月配息類股(美元)(本基金配息來源可能為本金且主要投資於符合美國 Rule144A 規定之私募性質債券),2026-08-11,7.16,美元,美國,非投資等級債券,5.11,1.26,0.52,淨值+報酬率
usa,,瀚亞投資-美國非投資等級債券基金Adm(美元月配)(本基金配息來源可能為本金且主要投資於符合美國Rule 144A規定之私募性質債券),2026-08-11,7.463,美元,美國,非投資等級債券,5.09,1.34,0.63,淨值+報酬率
usa,,瀚亞投資-美國非投資等級債券基金A(美元)(本基金主要投資於符合美國Rule 144A規定之私募性質債券),2026-08-11,22.511,美元,美國,非投資等級債券,5.09,1.34,0.63,淨值+報酬率
china,,施羅德環球基金系列-中國優勢(美元)A1-累積,2026-08-11,382.709,美元,中國,股票型,5.07,-9.08,0.08,淨值+報酬率
china,,瀚亞投資-中國股票基金Azdmc1(南非幣避險穩定月配)(本基金配息來源可能為本金),2026-08-11,6.572,南非幣,中國,股票型,5.06,-7.21,0.08,淨值+報酬率
usa,,富達基金-美元非投資等級債券基金(B股C月配息美元)(本基金主要投資於符合美國Rule 144A規定之私募性質債券且配息來源可能為本金),2026-08-11,8.957,美元,美國,非投資等級債券,5.03,1.35,0.63,淨值+報酬率
usa,,東方匯理基金美國非投資等級債券A美元(本基金主要投資於符合美國RULE 144A規定之私募性質債券且配息來源可能為本金),2026-08-11,18.18,美元,美國,非投資等級債券,5.03,1.06,0.51,淨值+報酬率
usa,,法巴美國非投資等級債券基金/月配H(澳幣)(本基金主要投資於符合美國Rule 144A規定之私募性質債券，基金之配息來源可能為本金),2026-08-11,61.16,澳幣,美國,債券型,5.02,1.72,0.52,淨值+報酬率
usa,,東方匯理基金美國非投資等級債券A美元(穩定月配息)(本基金主要投資於符合美國RULE 144A規定之私募性質債券且配息來源可能為本金),2026-08-11,28.33,美元,美國,非投資等級債券,5.02,1.06,0.52,淨值+報酬率
usa,,東方匯理基金美國非投資等級債券A美元(月配息)(本基金主要投資於符合美國RULE 144A規定之私募性質債券且配息來源可能為本金),2026-08-11,43.31,美元,美國,非投資等級債券,5.02,1.04,0.52,淨值+報酬率
usa,,富達基金-美元非投資等級債券基金(B股累計美元)(本基金主要投資於符合美國Rule 144A規定之私募性質債券),2026-08-11,12.4,美元,美國,非投資等級債券,5.0,1.31,0.65,淨值+報酬率
usa,,東方匯理基金美國非投資等級債券A澳幣避險(穩定月配息)(本基金主要投資於符合美國RULE 144A規定之私募性質債券且配息來源可能為本金),2026-08-11,23.46,澳幣,美國,非投資等級債券,4.97,1.28,0.54,淨值+報酬率
usa,,法巴美國非投資等級債券基金/月配(美元)(本基金主要投資於符合美國Rule 144A規定之私募性質債券，基金之配息來源可能為本金),2026-08-11,52.55,美元,美國,債券型,4.96,1.46,0.5,淨值+報酬率
usa,,法巴美國非投資等級債券基金C(美元)(本基金主要投資於符合美國Rule 144A規定之私募性質債券),2026-08-11,329.03,美元,美國,債券型,4.95,1.45,0.5,淨值+報酬率
usa,,PIMCO美國非投資等級債券基金-機構H級類別(累積股份)(本基金主要投資於符合美國Rule 144A規定之私募性質債券且配息來源可能為本金),2026-08-11,46.37,美元,美國,非投資等級債券,4.91,0.72,0.46,淨值+報酬率
usa,,安盛環球基金-美國非投資等級債券基金I DIS美元(月配息)(本基金主要投資於符合美國Rule 144A規定之私募性質債券且配息來源可能為本金),2026-08-11,93.72,美元,美國,非投資等級債券,4.85,1.8,0.55,淨值+報酬率
usa,,富蘭克林坦伯頓全球投資系列公司債基金美元A穩定月配股(本基金主要係投資於非投資等級之高風險債券及符合美國Rule 144A規定之私募性質債券且基金之配息來源可能為本金),2026-08-11,9.34,美元,美國,非投資等級債券,4.84,1.0,0.5,淨值+報酬率
usa,,富蘭克林坦伯頓全球投資系列公司債基金美元A(Mdis)(本基金主要係投資於非投資等級之高風險債券及符合美國Rule 144A規定之私募性質債券且基金之配息來源可能為本金),2026-08-11,5.17,美元,美國,非投資等級債券,4.82,0.96,0.52,淨值+報酬率
usa,,路博邁投資基金-NB非投資等級債券基金U累積類股(美元)(本基金配息來源可能為本金且主要投資於符合美國 Rule144A 規定之私募性質債券),2026-08-11,17.39,美元,美國,非投資等級債券,4.82,1.05,0.47,淨值+報酬率
usa,,富蘭克林坦伯頓全球投資系列公司債基金美元A(acc)(本基金主要係投資於非投資等級之高風險債券及符合美國Rule 144A規定之私募性質債券且基金之配息來源可能為本金),2026-08-11,25.71,美元,美國,非投資等級債券,4.81,0.98,0.51,淨值+報酬率
usa,,PGIM美國全方位非投資等級債券基金-I美元累積型(本基金主要投資於符合美國Rule 144A規定之私募性質債券),2026-08-11,169.954,美元,美國,非投資等級債券,4.81,1.12,0.43,淨值+報酬率
china,,荷寶資本成長基金-荷寶中國股票D美元(已撤銷核備),2026-08-10,196.5,美元,中國,股票型,-33.3,-14.27,0.08,淨值+報酬率
usa,,瀚亞投資-美國非投資等級債券基金Aadmc1(澳幣避險穩定月配)(本基金配息來源可能為本金且主要投資於符合美國Rule 144A規定之私募性質債券),2026-08-11,5.118,澳幣,美國,非投資等級債券,4.79,1.46,0.61,淨值+報酬率
usa,,瀚亞投資-美國非投資等級債券基金Aadm(澳幣避險月配)(本基金配息來源可能為本金且主要投資於符合美國Rule 144A規定之私募性質債券),2026-08-11,6.09,澳幣,美國,非投資等級債券,4.78,1.45,0.61,淨值+報酬率
usa,,路博邁投資基金-NB非投資等級債券基金U月配息類股(美元)(本基金配息來源可能為本金且主要投資於符合美國 Rule144A 規定之私募性質債券),2026-08-11,6.66,美元,美國,非投資等級債券,4.74,1.07,0.45,淨值+報酬率
usa,,聯博-美國非投資等級債券基金AI(穩定月配)級別美元(本基金主要投資於符合美國 Rule 144A規定之私募性質債券且基金之配息來源可能為本金),2026-08-11,11.45,美元,美國,非投資等級債券,4.72,1.11,0.49,淨值+報酬率
usa,,聯博-美國非投資等級債券基金AA(穩定月配)級別美元(本基金主要投資於符合美國 Rule 144A規定之私募性質債券且基金之配息來源可能為本金),2026-08-11,12.31,美元,美國,非投資等級債券,4.71,1.14,0.5,淨值+報酬率
usa,,聯博-美國非投資等級債券基金A2級別美元(本基金主要投資於符合美國 Rule 144A規定之私募性質債券且基金之配息來源可能為本金),2026-08-11,28.98,美元,美國,非投資等級債券,4.7,1.15,0.5,淨值+報酬率
usa,,富蘭克林坦伯頓全球投資系列公司債基金澳幣避險A(Mdis)-H1(本基金主要係投資於非投資等級之高風險債券及符合美國Rule 144A規定之私募性質債券且基金之配息來源可能為本金),2026-08-11,7.14,澳幣,美國,非投資等級債券,4.68,1.24,0.53,淨值+報酬率
usa,,宏利環球基金-美國特別機會基金AA股(本基金主要係投資於非投資等級之高風險債券且基金之配息來源可能為本金，本基金主要投資於符合美國 Rule144A 規定之私募性質債券),2026-08-11,0.7815,美元,美國,非投資等級債券,4.67,1.34,0.52,淨值+報酬率
usa,,Muzinich美國收益基金避險美元收益R信託單位(本基金主要係投資於非投資等級之高風險債券及符合美國Rule 144A規定之私募性質債券),2026-08-10,85.5,美元,美國,債券型,4.66,1.1,0.5,淨值+報酬率
usa,,Muzinich美國收益基金避險美元累積R信託單位(本基金主要係投資於非投資等級之高風險債券及符合美國Rule 144A規定之私募性質債券),2026-08-10,339.95,美元,美國,債券型,4.66,1.1,0.5,淨值+報酬率
usa,,聯博-房貸收益基金AX級別美元(本基金有相當比重投資於非投資等級之高風險債券且配息來源可能為本金),2026-08-11,5.36,美元,美國,債券型,4.65,1.5,1.4,淨值+報酬率
usa,,宏利環球基金-美國特別機會基金AA Inc股(本基金主要係投資於非投資等級之高風險債券且基金之配息來源可能為本金，本基金主要投資於符合美國 Rule144A 規定之私募性質債券),2026-08-11,0.5971,美元,美國,非投資等級債券,4.65,1.33,0.52,淨值+報酬率
japan,,匯豐投資信託基金-匯豐亞洲非投資等級債券基金AM2-USD(本基金配息來源可能為本金),2026-08-11,4.611,美元,亞太不含日本,非投資等級債券,4.64,-0.27,0.34,淨值+報酬率
usa,,聯博-美國非投資等級債券基金AI(穩定月配)澳幣避險級別(本基金主要投資於符合美國 Rule 144A規定之私募性質債券且基金之配息來源可能為本金),2026-08-11,11.19,澳幣,美國,非投資等級債券,4.63,1.33,0.48,淨值+報酬率
usa,,駿利亨德森資產管理基金-駿利亨德森非投資等級債券基金T2美元(本基金主要投資於符合美國Rule 144A規定之私募性質債券),2026-08-11,11.97,美元,美國,非投資等級債券,4.63,0.84,0.43,淨值+報酬率
japan,,匯豐投資信託基金-匯豐亞洲非投資等級債券基金AC-USD(本基金配息來源可能為本金),2026-08-11,13.408,美元,亞太不含日本,非投資等級債券,4.63,-0.29,0.34,淨值+報酬率
usa,,聯博-房貸收益基金A2X級別美元(本基金有相當比重投資於非投資等級之高風險債券且配息來源可能為本金),2026-08-11,16.99,美元,美國,債券型,4.62,1.37,1.21,淨值+報酬率
japan,,匯豐投資信託基金-匯豐亞洲非投資等級債券基金AC-HKD(本基金配息來源可能為本金),2026-08-11,13.532,港幣,亞太不含日本,非投資等級債券,4.6,0.07,0.39,淨值+報酬率
usa,,駿利亨德森資產管理基金-駿利亨德森非投資等級債券基金B2美元(本基金主要投資於符合美國Rule 144A規定之私募性質債券),2026-08-11,27.53,美元,美國,非投資等級債券,4.6,0.73,0.43,淨值+報酬率
usa,,聯博-美國非投資等級債券基金AA(穩定月配)澳幣避險級別(本基金主要投資於符合美國 Rule 144A規定之私募性質債券且基金之配息來源可能為本金),2026-08-11,12.0,澳幣,美國,非投資等級債券,4.59,1.37,0.5,淨值+報酬率
japan,,匯豐投資信託基金-匯豐亞洲非投資等級債券基金AM3H-AUD(本基金配息來源可能為本金),2026-08-11,4.431,澳幣,亞太不含日本,非投資等級債券,4.58,-0.11,0.33,淨值+報酬率
usa,,駿利亨德森資產管理基金-駿利亨德森非投資等級債券基金T6穩月配美元(本基金某些股份類別之配息來源可能為本金。本基金主要投資於符合美國Rule 144A規定之私募性質債券),2026-08-11,9.29,美元,美國,非投資等級債券,4.57,0.67,0.41,淨值+報酬率
usa,,駿利亨德森資產管理基金-駿利亨德森非投資等級債券基金B1月配美元(本基金某些股份類別之配息來源可能為本金。本基金主要投資於符合美國Rule 144A規定之私募性質債券),2026-08-11,8.1,美元,美國,非投資等級債券,4.57,0.72,0.4,淨值+報酬率
japan,,貝萊德亞洲老虎債券基金A3美元(基金有相當比重投資於非投資等級之高風險債券),2026-08-11,10.23,美元,亞洲不含日本,債券型,4.56,-0.23,0.39,淨值+報酬率
usa,,聯博-房貸收益基金A2級別美元(本基金有相當比重投資於非投資等級之高風險債券且配息來源可能為本金),2026-08-11,23.65,美元,美國,債券型,4.55,1.37,1.23,淨值+報酬率
usa,,安聯美元短年期非投資等級債券基金-IM穩定月收類股(美元)(本基金主要投資於符合美國Rule 144A規定之私募性質債券且配息來源可能為本金),2026-08-11,909.91,美元,美國,非投資等級債券,4.54,1.74,0.62,淨值+報酬率
usa,,安聯美元短年期非投資等級債券基金-IT累積類股(美元)(本基金主要投資於符合美國Rule 144A規定之私募性質債券),2026-08-11,1589.3,美元,美國,非投資等級債券,4.54,1.73,0.62,淨值+報酬率
japan,,匯豐投資信託基金-匯豐亞洲非投資等級債券基金AM2-HKD(本基金配息來源可能為本金),2026-08-11,4.658,港幣,亞太不含日本,非投資等級債券,4.54,0.16,0.39,淨值+報酬率
usa,,聯博-房貸收益基金AA(穩定月配)級別美元(本基金有相當比重投資於非投資等級之高風險債券且配息來源可能為本金),2026-08-11,9.25,美元,美國,債券型,4.53,1.33,1.17,淨值+報酬率
usa,,聯博-房貸收益基金AT澳幣避險級別(本基金有相當比重投資於非投資等級之高風險債券且配息來源可能為本金),2026-08-11,10.67,澳幣,美國,債券型,4.52,1.59,1.29,淨值+報酬率
japan,,貝萊德亞洲老虎債券基金A2美元(基金有相當比重投資於非投資等級之高風險債券),2026-08-11,45.15,美元,亞洲不含日本,債券型,4.49,-0.2,0.39,淨值+報酬率
usa,,聯博-房貸收益基金AT級別美元(本基金有相當比重投資於非投資等級之高風險債券且配息來源可能為本金),2026-08-11,11.1,美元,美國,債券型,4.49,1.35,1.24,淨值+報酬率
japan,,貝萊德亞洲老虎債券基金A6美元(穩定配息)(基金有相當比重投資於非投資等級之高風險債券且配息來源可能為本金),2026-08-11,8.26,美元,亞洲不含日本,債券型,4.46,-0.28,0.38,淨值+報酬率
china,,貝萊德中國基金A10美元(總報酬穩定配息)(本基金之配息來源可能為本金),2026-08-11,11.3,美元,中國,股票型,4.45,-5.07,0.08,淨值+報酬率
china,,貝萊德中國基金A2美元,2026-08-11,20.45,美元,中國,股票型,-32.95,-14.32,0.08,淨值+報酬率
usa,,駿利亨德森資產管理基金-駿利亨德森非投資等級債券基金I2歐元避險(本基金主要投資於符合美國Rule 144A規定之私募性質債券),2026-08-11,30.58,歐元,美國,非投資等級債券,4.44,0.72,0.41,淨值+報酬率
japan,,貝萊德亞洲老虎債券基金A10美元(總報酬穩定配息)(基金有相當比重投資於非投資等級之高風險債券且配息來源可能為本金),2026-08-11,10.37,美元,亞洲不含日本,債券型,4.44,-0.25,0.38,淨值+報酬率
usa,,聯博-房貸收益基金AA(穩定月配)澳幣避險級別(本基金有相當比重投資於非投資等級之高風險債券且配息來源可能為本金),2026-08-11,8.85,澳幣,美國,債券型,4.43,1.56,1.39,淨值+報酬率
japan,,貝萊德亞洲老虎債券基金A8多幣別穩定月配息股份-澳幣避險(基金有相當比重投資於非投資等級之高風險債券且配息來源可能為本金),2026-08-11,8.02,澳幣,亞洲不含日本,債券型,4.41,0.05,0.41,淨值+報酬率
china,,荷寶資本成長基金-荷寶中國股票M美元(已撤銷核備),2026-08-10,141.53,美元,中國,股票型,-33.57,-14.45,0.07,淨值+報酬率
china,,貝萊德中國基金A2港幣,2026-08-11,20.97,港幣,中國,股票型,-33.25,-15.18,0.07,淨值+報酬率
usa,,摩根基金-美國企業成長基金F股(美元)(累計),2026-08-11,106.58,美元,美國,股票型,4.3,3.73,0.09,淨值+報酬率
usa,,聯博-美國成長基金AP(總報酬月配)日圓避險級別(基金之配息來源可能為本金),2026-08-11,9438.0,日圓,美國,股票型,4.23,6.67,0.09,淨值+報酬率
usa,,PIMCO美國非投資等級債券基金-E級類別(收息股份)(本基金主要投資於符合美國Rule 144A規定之私募性質債券且配息來源可能為本金),2026-08-11,9.64,美元,美國,非投資等級債券,4.2,0.43,0.36,淨值+報酬率
usa,,聯博-美國非投資等級債券基金EIX(穩定月配)級別美元(本基金主要投資於符合美國 Rule 144A規定之私募性質債券且基金之配息來源可能為本金),2026-08-11,11.18,美元,美國,非投資等級債券,4.17,0.86,0.42,淨值+報酬率
japan,,瀚亞投資-亞洲債券基金Cdm(美元月配)(本基金有相當比重投資於非投資等級之高風險債券且配息來源可能為本金),2026-08-11,7.346,美元,亞太不含日本,債券型,4.15,0.08,0.4,淨值+報酬率
usa,,PIMCO美國非投資等級債券基金-E級類別(累積股份)(本基金主要投資於符合美國Rule 144A規定之私募性質債券且配息來源可能為本金),2026-08-11,40.19,美元,美國,非投資等級債券,4.15,0.35,0.37,淨值+報酬率
japan,,瀚亞投資-亞洲債券基金C(美元)(本基金有相當比重投資於非投資等級之高風險債券),2026-08-11,14.268,美元,亞太不含日本,債券型,4.15,0.1,0.4,淨值+報酬率
japan,,宏利環球基金-亞太不動產基金AA股(本基金之配息來源可能為本金),2026-08-11,0.7888,美元,亞太不含日本,REIT,4.13,-4.67,0.09,淨值+報酬率
japan,,宏利環球基金-亞太不動產基金AA股(美元)月配(G)(本基金之配息來源可能為本金),2026-08-11,0.5895,美元,亞太不含日本,REIT,4.13,-4.67,0.09,淨值+報酬率
usa,,瀚亞投資-美國優質債券基金Azdm(南非幣避險月配)(本基金配息來源可能為本金),2026-08-11,10.519,南非幣,美國,公司債券,4.12,-0.04,0.33,淨值+報酬率
usa,,東方匯理基金美國非投資等級債券U澳幣避險(穩定月配息)(本基金主要投資於符合美國RULE 144A規定之私募性質債券且配息來源可能為本金),2026-08-11,21.75,澳幣,美國,非投資等級債券,4.12,0.89,0.42,淨值+報酬率
usa,,東方匯理基金美國非投資等級債券U美元(穩定月配息)(本基金主要投資於符合美國RULE 144A規定之私募性質債券且配息來源可能為本金),2026-08-11,42.74,美元,美國,非投資等級債券,4.11,0.58,0.4,淨值+報酬率
usa,,東方匯理基金美國非投資等級債券B美元(月配息)(本基金主要投資於符合美國RULE 144A規定之私募性質債券且配息來源可能為本金),2026-08-11,35.09,美元,美國,非投資等級債券,4.1,0.61,0.4,淨值+報酬率
usa,,東方匯理基金美國非投資等級債券B美元(穩定月配息)(本基金主要投資於符合美國RULE 144A規定之私募性質債券且配息來源可能為本金),2026-08-11,26.58,美元,美國,非投資等級債券,4.09,0.6,0.39,淨值+報酬率
usa,,晉達環球策略基金-美國股票基金C收益股份,2026-08-11,172.52,美元,美國,股票型,4.09,10.49,0.07,淨值+報酬率
hong_kong,,宏利環球基金-巨龍增長基金AA股(美元),2026-08-11,1.4365,美元,香港,股票型,-29.4,-9.93,0.07,淨值+報酬率
usa,,東方匯理基金美國非投資等級債券B美元(本基金主要投資於符合美國RULE 144A規定之私募性質債券且配息來源可能為本金),2026-08-11,62.19,美元,美國,非投資等級債券,4.08,0.6,0.39,淨值+報酬率
usa,,東方匯理基金美國非投資等級債券T澳幣避險(穩定月配息)(本基金主要投資於符合美國RULE 144A規定之私募性質債券且配息來源可能為本金),2026-08-11,22.3,澳幣,美國,非投資等級債券,4.08,0.85,0.41,淨值+報酬率
usa,,東方匯理基金美國非投資等級債券U美元(月配息)(本基金主要投資於符合美國RULE 144A規定之私募性質債券且配息來源可能為本金),2026-08-11,48.11,美元,美國,非投資等級債券,4.08,0.57,0.39,淨值+報酬率
usa,,聯博-美國非投資等級債券基金EIX(穩定月配)澳幣避險級別(本基金主要投資於符合美國 Rule 144A規定之私募性質債券且基金之配息來源可能為本金),2026-08-11,10.91,澳幣,美國,非投資等級債券,4.07,1.07,0.41,淨值+報酬率
usa,,東方匯理基金美國非投資等級債券B澳幣避險(穩定月配息)(本基金主要投資於符合美國RULE 144A規定之私募性質債券且配息來源可能為本金),2026-08-11,20.65,澳幣,美國,非投資等級債券,4.06,0.82,0.4,淨值+報酬率
usa,,瀚亞投資-美國非投資等級債券基金T3dmc1(美元後收穩定月配)(本基金配息來源可能為本金且主要投資於符合美國Rule 144A規定之私募性質債券),2026-08-11,6.457,美元,美國,非投資等級債券,4.05,0.84,0.47,淨值+報酬率
japan,,匯豐投資信託基金-匯豐亞洲非投資等級債券基金AC-SGD(本基金配息來源可能為本金),2026-08-11,7.396,新幣,亞太不含日本,非投資等級債券,4.05,1.01,0.23,淨值+報酬率
hong_kong,,宏利環球基金-巨龍增長基金AA股(港幣),2026-08-11,13.0465,港幣,香港,股票型,-29.67,-10.82,0.07,淨值+報酬率
usa,,安盛環球基金-美國非投資等級債券基金T Dis「fl」美元(月配息)(本基金主要投資於符合美國Rule 144A規定之私募性質債券且配息來源可能為本金),2026-08-11,78.94,美元,美國,非投資等級債券,4.02,1.4,0.43,淨值+報酬率
japan,,匯豐投資信託基金-匯豐亞洲非投資等級債券基金AM2-SGD(本基金配息來源可能為本金),2026-08-11,4.531,新幣,亞太不含日本,非投資等級債券,4.02,1.0,0.23,淨值+報酬率
usa,,安盛環球基金-美國非投資等級債券基金A CAP美元(本基金主要投資於符合美國Rule 144A規定之私募性質債券且配息來源可能為本金),2026-08-11,233.48,美元,美國,非投資等級債券,4.02,1.39,0.43,淨值+報酬率
usa,,安盛環球基金-美國非投資等級債券基金A DIS「st」美元(月配息)(本基金主要投資於符合美國Rule 144A規定之私募性質債券且配息來源可能為本金),2026-08-11,72.82,美元,美國,非投資等級債券,4.02,1.39,0.43,淨值+報酬率
usa,,安聯美元短年期非投資等級債券基金-AM穩定月收類股(美元)(本基金主要投資於符合美國Rule 144A規定之私募性質債券且配息來源可能為本金),2026-08-11,8.7706,美元,美國,非投資等級債券,3.89,1.42,0.5,淨值+報酬率
usa,,安聯美元短年期非投資等級債券基金-AMg穩定月收總收益類股(美元)(本基金主要投資於符合美國Rule 144A規定之私募性質債券且配息來源可能為本金),2026-08-11,8.0077,美元,美國,非投資等級債券,3.89,1.42,0.5,淨值+報酬率
usa,,安聯美元短年期非投資等級債券基金-AT累積類股(美元)(本基金主要投資於符合美國Rule 144A規定之私募性質債券),2026-08-11,14.8791,美元,美國,非投資等級債券,3.88,1.41,0.5,淨值+報酬率
japan,,瑞銀(盧森堡)亞洲靈活債券基金(美元)(本基金有相當比重投資於非投資等級之高風險債券),2026-08-10,159.73,美元,亞太不含日本,債券型,3.88,-0.42,0.33,淨值+報酬率
usa,,路博邁投資基金-NB非投資等級債券基金T週配息類股(澳幣)(本基金配息來源可能為本金且主要投資於符合美國 Rule144A 規定之私募性質債券),2026-08-11,4.96,澳幣,美國,非投資等級債券,3.87,0.79,0.34,淨值+報酬率
japan,,瑞銀(盧森堡)亞洲靈活債券基金(美元)(月配息)(本基金有相當比重投資於非投資等級之高風險債券且配息來源可能為本金),2026-08-10,76.03,美元,亞太不含日本,債券型,3.87,-0.43,0.33,淨值+報酬率
usa,,安盛環球基金-美國非投資等級債券基金A Dis「st」澳幣(避險)(月配息)(本基金主要投資於符合美國Rule 144A規定之私募性質債券且配息來源可能為本金),2026-08-11,68.64,澳幣,美國,非投資等級債券,3.87,1.55,0.42,淨值+報酬率
usa,,路博邁投資基金-NB非投資等級債券基金T累積類股(美元)(本基金配息來源可能為本金且主要投資於符合美國 Rule144A 規定之私募性質債券),2026-08-11,15.31,美元,美國,非投資等級債券,3.87,0.59,0.33,淨值+報酬率
usa,,富蘭克林坦伯頓全球投資系列公司債基金美元F(Mdis)(本基金主要係投資於非投資等級之高風險債券及符合美國Rule 144A規定之私募性質債券且基金之配息來源可能為本金),2026-08-11,9.88,美元,美國,非投資等級債券,3.81,0.56,0.38,淨值+報酬率
china,,瀚亞投資-中國股票基金Admc1(美元穩定月配)(本基金配息來源可能為本金),2026-08-11,6.371,美元,中國,股票型,-25.83,-10.02,0.06,淨值+報酬率
china,,瀚亞投資-中國股票基金A(美元),2026-08-11,11.543,美元,中國,股票型,-25.89,-10.03,0.06,淨值+報酬率
usa,,路博邁投資基金-NB非投資等級債券基金T月配息類股(美元)(本基金配息來源可能為本金且主要投資於符合美國 Rule144A 規定之私募性質債券),2026-08-11,5.5,美元,美國,非投資等級債券,3.78,0.63,0.35,淨值+報酬率
usa,,路博邁投資基金-NB非投資等級債券基金T週配息類股(美元)(本基金配息來源可能為本金且主要投資於符合美國 Rule144A 規定之私募性質債券),2026-08-11,5.55,美元,美國,非投資等級債券,3.78,0.51,0.32,淨值+報酬率
usa,,路博邁投資基金-NB非投資等級債券基金T累積類股(澳幣)(本基金配息來源可能為本金且主要投資於符合美國 Rule144A 規定之私募性質債券),2026-08-11,14.59,澳幣,美國,非投資等級債券,3.77,0.76,0.33,淨值+報酬率
usa,,富蘭克林坦伯頓全球投資系列公司債基金美元F穩定月配股(本基金主要係投資於非投資等級之高風險債券及符合美國Rule 144A規定之私募性質債券且基金之配息來源可能為本金),2026-08-11,9.44,美元,美國,非投資等級債券,3.75,0.52,0.36,淨值+報酬率
usa,,法巴美國非投資等級債券基金/月配 BH (澳幣)(本基金主要投資於符合美國Rule 144A規定之私募性質債券，基金之配息來源可能為本金),2026-08-11,74.97,澳幣,美國,債券型,3.74,1.1,0.35,淨值+報酬率
usa,,路博邁投資基金-NB非投資等級債券基金T月配息類股(澳幣)(本基金配息來源可能為本金且主要投資於符合美國 Rule144A 規定之私募性質債券),2026-08-11,5.12,澳幣,美國,非投資等級債券,3.73,0.9,0.32,淨值+報酬率
usa,,法巴美國非投資等級債券基金/月配 B (美元)(本基金主要投資於符合美國Rule 144A規定之私募性質債券，基金之配息來源可能為本金),2026-08-11,76.69,美元,美國,債券型,3.7,0.86,0.34,淨值+報酬率
japan,,施羅德環球基金系列-亞洲債信先機(美元)A-月配固定(本基金有相當比重投資於非投資等級之高風險債券且基金之配息來源可能為本金),2026-08-11,80.0948,美元,亞洲不含日本,債券型,3.67,0.2,0.34,淨值+報酬率
japan,,施羅德環球基金系列-亞洲債信先機(美元)A-累積,2026-08-11,118.8803,美元,亞洲不含日本,債券型,3.67,0.18,0.34,淨值+報酬率
usa,,摩根基金-美元浮動淨值貨幣基金A股(美元)(累計),2026-08-11,125.32,美元,美國,貨幣型,3.64,1.7,10.81,淨值+報酬率
usa,,瀚亞投資-優質公司債基金Azdmc1(南非幣避險穩定月配)(本基金配息來源可能為本金),2026-08-11,10.439,南非幣,美國,公司債券,3.64,-0.26,0.28,淨值+報酬率
usa,,瀚亞投資-優質公司債基金Azdm(南非幣避險月配)(本基金配息來源可能為本金),2026-08-11,11.154,南非幣,美國,公司債券,3.64,-0.25,0.28,淨值+報酬率
usa,,安聯美元短年期非投資等級債券基金-AMg穩定月收總收益類股(澳幣避險)(本基金主要投資於符合美國Rule 144A規定之私募性質債券且配息來源可能為本金),2026-08-11,7.9268,澳幣,美國,非投資等級債券,3.63,1.58,0.44,淨值+報酬率
usa,,駿利亨德森資產管理基金-駿利亨德森非投資等級債券基金A2歐元避險(本基金主要投資於符合美國Rule 144A規定之私募性質債券),2026-08-11,31.75,歐元,美國,非投資等級債券,3.59,0.38,0.31,淨值+報酬率
japan,,瀚亞投資-亞洲債券基金Admc1(美元穩定月配)(本基金有相當比重投資於非投資等級之高風險債券且配息來源可能為本金),2026-08-11,9.653,美元,亞太不含日本,債券型,3.59,-0.17,0.33,淨值+報酬率
usa,,法盛盧米斯賽勒斯美國成長股票基金CT/A USD,2026-08-10,149.28,美元,美國,股票型,3.59,4.36,0.06,淨值+報酬率
usa,,PIMCO美國非投資等級債券基金-M級類別(月收息股份)(本基金主要投資於符合美國Rule 144A規定之私募性質債券且配息來源可能為本金),2026-08-11,9.71,美元,美國,非投資等級債券,3.59,-0.18,0.28,淨值+報酬率
usa,,駿利亨德森資產管理基金-駿利亨德森美國短期債券基金I1月配美元,2026-08-11,10.8,美元,美國,短期債券,3.53,0.83,0.81,淨值+報酬率
japan,,瀚亞投資-亞洲債券基金Adm(美元月配)(本基金有相當比重投資於非投資等級之高風險債券且配息來源可能為本金),2026-08-11,7.304,美元,亞太不含日本,債券型,3.47,-0.23,0.31,淨值+報酬率
japan,,瀚亞投資-亞洲債券基金A(美元)(本基金有相當比重投資於非投資等級之高風險債券),2026-08-11,20.067,美元,亞太不含日本,債券型,3.47,-0.23,0.31,淨值+報酬率
usa,,瀚亞投資-美國非投資等級債券基金Andm(紐幣避險月配)(本基金配息來源可能為本金且主要投資於符合美國Rule 144A規定之私募性質債券),2026-08-11,6.282,紐幣,美國,非投資等級債券,3.47,0.63,0.38,淨值+報酬率
usa,,瀚亞投資-美國非投資等級債券基金Andmc1(紐幣避險穩定月配)(本基金配息來源可能為本金且主要投資於符合美國Rule 144A規定之私募性質債券),2026-08-11,5.385,紐幣,美國,非投資等級債券,3.47,0.61,0.37,淨值+報酬率
japan,,貝萊德亞洲老虎債券基金B2美元(基金有相當比重投資於非投資等級之高風險債券),2026-08-11,10.46,美元,亞洲不含日本,債券型,3.46,-0.66,0.27,淨值+報酬率
china,,貝萊德中國基金Hedged A2澳幣,2026-08-11,14.66,澳幣,中國,股票型,-34.73,-15.95,0.06,淨值+報酬率
usa,,PGIM美國全方位非投資等級債券基金-T美元累積型(本基金主要投資於符合美國Rule 144A規定之私募性質債券),2026-08-11,114.72,美元,美國,非投資等級債券,3.45,0.47,0.27,淨值+報酬率
japan,,宏利環球基金-亞太不動產基金AA股(澳幣避險)月配(G)(本基金之配息來源可能為本金),2026-08-11,0.5344,澳幣,亞太不含日本,REIT,3.44,-4.79,0.07,淨值+報酬率
japan,,貝萊德亞洲老虎債券基金B10美元(總報酬穩定配息)(基金有相當比重投資於非投資等級之高風險債券且配息來源可能為本金),2026-08-11,9.86,美元,亞洲不含日本,債券型,3.43,-0.71,0.27,淨值+報酬率
china,,富蘭克林坦伯頓全球投資系列大中華基金美元A(acc),2026-08-11,24.32,美元,大中華,股票型,-32.03,-14.04,0.06,淨值+報酬率
usa,,美盛西方資產美國政府貨幣市場基金A類股美元累積型,2026-08-11,128.19,美元,美國,貨幣型,3.27,1.52,10.9,淨值+報酬率
usa,,安聯美元短年期非投資等級債券基金-BMg穩定月收總收益類股(美元)(本基金主要投資於符合美國Rule 144A規定之私募性質債券且配息來源可能為本金),2026-08-11,8.2858,美元,美國,非投資等級債券,3.27,1.12,0.38,淨值+報酬率
usa,,安聯美元短年期非投資等級債券基金-BT累積類股(美元)(本基金主要投資於符合美國Rule 144A規定之私募性質債券),2026-08-11,12.3522,美元,美國,非投資等級債券,3.26,1.11,0.38,淨值+報酬率
japan,,景順亞洲靈活債券基金C股美元(本基金有相當比重投資於非投資等級之高風險債券),2026-08-11,14.4235,美元,亞洲不含日本,固定收益,3.25,-0.61,0.29,淨值+報酬率
japan,,安聯亞洲靈活債券基金-IT累積類股(美元)(本基金有相當比重投資於非投資等級之高風險債券),2026-08-11,1088.44,美元,亞洲不含日本,債券型,3.22,-0.31,0.3,淨值+報酬率
japan,,瀚亞投資-亞洲債券基金Aadm(澳幣避險月配)(本基金有相當比重投資於非投資等級之高風險債券且配息來源可能為本金),2026-08-11,5.782,澳幣,亞太不含日本,債券型,3.19,-0.12,0.29,淨值+報酬率
usa,,聯博-美國成長基金EP(總報酬月配)日圓避險級別(基金之配息來源可能為本金),2026-08-11,9272.0,日圓,美國,股票型,3.18,6.13,0.06,淨值+報酬率
usa,,法巴美元短期債券基金/月配(美元)(基金之配息來源可能為本金),2026-08-11,104.61,美元,美國,債券型,3.16,0.99,0.84,淨值+報酬率
usa,,法巴美元短期債券基金C(美元),2026-08-11,542.69,美元,美國,債券型,3.15,0.99,0.83,淨值+報酬率
usa,,路博邁投資基金-NB非投資等級債券基金I累積類股(歐元)(本基金配息來源可能為本金且主要投資於符合美國 Rule144A 規定之私募性質債券),2026-08-11,20.2,歐元,美國,非投資等級債券,3.06,0.3,0.25,淨值+報酬率
usa,,駿利亨德森資產管理基金-駿利亨德森美國短期債券基金A2美元,2026-08-11,20.08,美元,美國,短期債券,3.03,0.55,0.64,淨值+報酬率
usa,,駿利亨德森資產管理基金-駿利亨德森美國短期債券基金A1月配美元,2026-08-11,10.77,美元,美國,短期債券,2.97,0.51,0.59,淨值+報酬率
usa,,PGIM美國全方位非投資等級債券基金-T美元月配息型(本基金主要投資於符合美國Rule 144A規定之私募性質債券),2026-08-11,87.262,美元,美國,非投資等級債券,2.96,0.0,0.21,淨值+報酬率
usa,,安盛環球基金-美國非投資等級債券基金BL DIS「fl」美元 (月配息)(本基金主要投資於符合美國Rule 144A規定之私募性質債券且配息來源可能為本金),2026-08-11,78.44,美元,美國,非投資等級債券,2.95,0.89,0.27,淨值+報酬率
japan,,景順亞洲靈活債券基金A股美元(本基金有相當比重投資於非投資等級之高風險債券),2026-08-11,13.7994,美元,亞洲不含日本,固定收益,2.95,-0.74,0.25,淨值+報酬率
usa,,路博邁投資基金-NB非投資等級債券基金E月配息類股(美元)(本基金配息來源可能為本金且主要投資於符合美國 Rule144A 規定之私募性質債券),2026-08-11,4.81,美元,美國,非投資等級債券,2.91,0.19,0.22,淨值+報酬率
usa,,路博邁投資基金-NB非投資等級債券基金E月配息類股(澳幣)(本基金配息來源可能為本金且主要投資於符合美國 Rule144A 規定之私募性質債券),2026-08-11,4.27,澳幣,美國,非投資等級債券,2.9,0.47,0.23,淨值+報酬率
japan,,瀚亞投資-亞洲優質債券基金A(美元),2026-08-11,11.935,美元,亞洲不含日本,債券型,2.89,-0.41,0.24,淨值+報酬率
usa,,駿利亨德森資產管理基金-駿利亨德森美國短期債券基金T2美元,2026-08-11,10.45,美元,美國,短期債券,2.85,0.29,0.51,淨值+報酬率
usa,,路博邁投資基金-NB非投資等級債券基金B累積類股(美元)(本基金配息來源可能為本金且主要投資於符合美國 Rule144A 規定之私募性質債券),2026-08-11,13.36,美元,美國,非投資等級債券,2.85,0.07,0.22,淨值+報酬率
usa,,Powershares 水資源指數PHO.US,2026-08-11,73.03,美元,美國,市場指數,2.84,-0.26,0.06,淨值+報酬率
china,,景順中國新世代基金C-年配息股美元,2026-08-11,65.74,美元,中國,股票型,2.82,-10.37,0.05,淨值+報酬率
usa,,路博邁投資基金-NB非投資等級債券基金E累積類股(美元)(本基金配息來源可能為本金且主要投資於符合美國 Rule144A 規定之私募性質債券),2026-08-11,12.05,美元,美國,非投資等級債券,2.82,0.08,0.21,淨值+報酬率
usa,,路博邁投資基金-NB非投資等級債券基金B累積類股(澳幣)(本基金配息來源可能為本金且主要投資於符合美國 Rule144A 規定之私募性質債券),2026-08-11,10.37,澳幣,美國,非投資等級債券,2.78,0.29,0.21,淨值+報酬率
usa,,安聯美國收益基金-IT累積類股(美元)(本基金有相當比重投資於非投資等級之高風險債券),2026-08-11,1180.43,美元,美國,債券型,2.77,-0.64,0.23,淨值+報酬率
usa,,路博邁投資基金-NB非投資等級債券基金B月配息類股(澳幣)(本基金配息來源可能為本金且主要投資於符合美國 Rule144A 規定之私募性質債券),2026-08-11,4.22,澳幣,美國,非投資等級債券,2.76,0.28,0.19,淨值+報酬率
usa,,路博邁投資基金-NB非投資等級債券基金B月配息類股(美元)(本基金配息來源可能為本金且主要投資於符合美國 Rule144A 規定之私募性質債券),2026-08-11,4.73,美元,美國,非投資等級債券,2.76,0.19,0.21,淨值+報酬率
china,,先機中國基金L類累積股(美元),2026-08-11,64.8295,美元,大中華,股票型,2.73,-8.68,0.05,淨值+報酬率
usa,,iShares巴克萊1-3年政府公債SHY.US,2026-08-11,81.87,美元,美國,短期債券,2.73,0.57,0.64,淨值+報酬率
usa,,路博邁投資基金-NB非投資等級債券基金E累積類股(澳幣)(本基金配息來源可能為本金且主要投資於符合美國 Rule144A 規定之私募性質債券),2026-08-11,11.69,澳幣,美國,非投資等級債券,2.72,0.26,0.2,淨值+報酬率
usa,,PIMCO短年期債券基金-機構H級類別(累積股份),2026-08-11,13.65,美元,美國,短期債券,2.71,0.37,0.53,淨值+報酬率
japan,,法巴永續亞洲城市債券基金C(美元)(本基金有相當比重投資於非投資等級之高風險債券),2026-08-11,164.82,美元,亞洲不含日本,債券型,2.69,-0.14,0.25,淨值+報酬率
japan,,法巴永續亞洲城市債券基金/月配(美元)(本基金有相當比重投資於非投資等級之高風險債券，基金之配息來源可能為本金),2026-08-11,58.9,美元,亞洲不含日本,債券型,2.69,-0.15,0.25,淨值+報酬率
japan,,法巴永續亞洲城市債券基金/月配RH澳幣(本基金有相當比重投資於非投資等級之高風險債券，基金之配息來源可能為本金),2026-08-11,55.96,澳幣,亞洲不含日本,債券型,2.68,0.09,0.26,淨值+報酬率
china,,瀚亞投資-中國股票基金Aadmc1(澳幣避險穩定月配)(本基金配息來源可能為本金),2026-08-11,5.188,澳幣,中國,股票型,-28.25,-11.35,0.05,淨值+報酬率
japan,,富達基金-亞洲債券基金(I股累計美元),2026-08-11,13.21,美元,亞洲不含日本,債券型,2.64,-0.53,0.2,淨值+報酬率
japan,,景順亞洲靈活債券基金E-穩定月配息股美元(本基金有相當比重投資於非投資等級之高風險債券，且基金之配息來源可能為本金),2026-08-11,6.0767,美元,亞洲不含日本,固定收益,2.63,-0.88,0.2,淨值+報酬率
usa,,富蘭克林坦伯頓全球投資系列美國政府基金美元A(acc)(本基金之配息來源可能為本金),2026-08-11,11.39,美元,美國,債券型,2.61,-1.21,0.16,淨值+報酬率
japan,,匯豐投資信託基金-匯豐亞洲非投資等級債券基金AM3H-EUR(本基金配息來源可能為本金),2026-08-11,4.342,歐元,亞太不含日本,非投資等級債券,2.6,-1.14,0.14,淨值+報酬率
usa,,駿利亨德森資產管理基金-駿利亨德森非投資等級債券基金B1月配歐元避險(本基金某些股份類別之配息來源可能為本金。本基金主要投資於符合美國Rule 144A規定之私募性質債券),2026-08-11,6.61,歐元,美國,非投資等級債券,2.58,-0.02,0.18,淨值+報酬率
usa,,富蘭克林坦伯頓全球投資系列美國政府基金美元A(Mdis)(本基金之配息來源可能為本金),2026-08-11,7.01,美元,美國,債券型,2.57,-1.32,0.15,淨值+報酬率
usa,,瑞聯UBAM美國優質中期公司債券基金美元IC,2026-08-10,255.17,美元,美國,債券型,2.56,-0.55,0.21,淨值+報酬率
japan,,安聯亞洲靈活債券基金-AM穩定月收類股(美元)(本基金有相當比重投資於非投資等級之高風險債券且配息來源可能為本金),2026-08-11,4.9322,美元,亞洲不含日本,債券型,2.48,-0.67,0.19,淨值+報酬率
japan,,安聯亞洲靈活債券基金-AMg穩定月收總收益類股(美元)(本基金有相當比重投資於非投資等級之高風險債券且配息來源可能為本金),2026-08-11,4.8442,美元,亞洲不含日本,債券型,2.48,-0.66,0.19,淨值+報酬率
japan,,安聯亞洲靈活債券基金-AT累積類股(美元)(本基金有相當比重投資於非投資等級之高風險債券),2026-08-11,10.0641,美元,亞洲不含日本,債券型,2.48,-0.67,0.19,淨值+報酬率
usa,,富達基金-美元非投資等級債券基金(A股C月配息日圓避險)(本基金主要投資於符合美國Rule144A規定之私募性質債券且配息來源可能為本金),2026-08-11,873.7,日圓,美國,非投資等級債券,2.48,0.27,0.22,淨值+報酬率
usa,,宏利環球基金-美元收益基金AA股(本基金有相當比重投資於非投資等級之高風險債券且配息來源可能為本金),2026-08-11,1.0355,美元,美國,固定收益,2.46,-0.95,0.15,淨值+報酬率
usa,,宏利環球基金-美元收益基金AA股月配(G)(本基金有相當比重投資於非投資等級之高風險債券且配息來源可能為本金),2026-08-11,0.7545,美元,美國,固定收益,2.45,-0.94,0.15,淨值+報酬率
usa,,宏利環球基金-美元收益基金AA Inc股(本基金有相當比重投資於非投資等級之高風險債券且配息來源可能為本金),2026-08-11,0.8312,美元,美國,固定收益,2.45,-0.95,0.15,淨值+報酬率
usa,,MFS全盛基金系列-MFS全盛美國總報酬債券基金I1(美元),2026-08-11,195.67,美元,美國,債券型,2.45,-0.8,0.16,淨值+報酬率
japan,,富達基金-亞洲債券基金(Y股【F1穩定月配息】美元)(本基金之配息來源可能為本金),2026-08-11,7.573,美元,亞洲不含日本,債券型,2.43,-0.63,0.17,淨值+報酬率
japan,,富達基金-亞洲債券基金(Y股累計美元),2026-08-11,16.45,美元,亞洲不含日本,債券型,2.43,-0.66,0.17,淨值+報酬率
japan,,安聯亞洲靈活債券基金-AM穩定月收類股(澳幣避險)(本基金有相當比重投資於非投資等級之高風險債券且配息來源可能為本金),2026-08-11,4.7366,澳幣,亞洲不含日本,債券型,2.39,-0.5,0.18,淨值+報酬率
usa,,富蘭克林坦伯頓全球投資系列美國政府基金美元AX(acc)(本基金之配息來源可能為本金),2026-08-11,15.68,美元,美國,債券型,2.35,-1.32,0.13,淨值+報酬率
usa,,駿利亨德森資產管理基金-駿利亨德森靈活入息基金I1月配美元(本基金某些股份類別之配息來源可能為本金且並無保證收益及配息),2026-08-11,10.81,美元,美國,債券型,2.32,-1.07,0.15,淨值+報酬率
usa,,駿利亨德森資產管理基金-駿利亨德森靈活入息基金I2美元(本基金並無保證收益),2026-08-11,13.31,美元,美國,債券型,2.31,-1.04,0.14,淨值+報酬率
usa,,iShares巴克萊總體債券指數AGG.US,2026-08-11,97.32,美元,美國,市場指數,2.27,-0.93,0.14,淨值+報酬率
china,,富蘭克林坦伯頓全球投資系列大中華基金美元F(Acc),2026-08-11,8.13,美元,大中華,股票型,-32.7,-14.44,0.04,淨值+報酬率
usa,,瑞聯UBAM美國優質中期公司債券基金美元AD(基金之配息來源可能為本金),2026-08-10,106.03,美元,美國,債券型,2.23,-0.7,0.16,淨值+報酬率
japan,,日本建築基金8953.JP,2026-08-10,115000.0,日圓,日本,REIT,2.22,-6.88,0.04,淨值+報酬率
china,,景順中國新世代基金A-年配息股美元,2026-08-11,58.47,美元,中國,股票型,2.22,-10.61,0.04,淨值+報酬率
usa,,美盛西方資產美國核心增值債券基金優類股美元累積型(本基金之配息來源可能為本金),2026-08-11,152.63,美元,美國,固定收益,2.22,-1.15,0.12,淨值+報酬率
usa,,PGIM美國公司債基金-I美元累積型,2026-08-11,1384.464,美元,美國,公司債券,2.21,-1.19,0.1,淨值+報酬率
usa,,瑞聯UBAM美國優質中期公司債券基金美元AC,2026-08-10,231.22,美元,美國,債券型,2.21,-0.72,0.16,淨值+報酬率
usa,,安聯美國收益基金-AMg穩定月收總收益類股(美元)(本基金有相當比重投資於非投資等級之高風險債券且配息來源可能為本金),2026-08-11,7.2737,美元,美國,債券型,2.14,-0.95,0.14,淨值+報酬率
usa,,安聯美國收益基金-AMf固定月配類股(美元)(本基金有相當比重投資於非投資等級之高風險債券且配息來源可能為本金),2026-08-11,6.6885,美元,美國,債券型,2.14,-0.95,0.14,淨值+報酬率
usa,,安聯美國收益基金-AM穩定月收類股(美元)(本基金有相當比重投資於非投資等級之高風險債券且配息來源可能為本金),2026-08-11,8.0471,美元,美國,債券型,2.14,-0.95,0.14,淨值+報酬率
usa,,安聯美國收益基金-AT累積類股(美元)(本基金有相當比重投資於非投資等級之高風險債券),2026-08-11,11.3202,美元,美國,債券型,2.13,-0.96,0.14,淨值+報酬率
hong_kong,,泓富產業信託0808.HK,2026-08-11,1.47,港幣,香港,REIT,-38.16,-27.69,0.04,淨值+報酬率
japan,,富達基金-亞洲債券基金(A股累計美元),2026-08-11,15.61,美元,亞洲不含日本,債券型,2.03,-0.83,0.11,淨值+報酬率
japan,,富達基金-亞洲債券基金(A股月配息美元),2026-08-11,9.603,美元,亞洲不含日本,債券型,2.03,-0.83,0.11,淨值+報酬率
japan,,富達基金-亞洲債券基金(A股【F1穩定月配息】美元)(本基金之配息來源可能為本金),2026-08-11,7.654,美元,亞洲不含日本,債券型,2.02,-0.83,0.11,淨值+報酬率
usa,,PIMCO短年期債券基金-E級類別(累積股份),2026-08-11,13.69,美元,美國,短期債券,2.01,0.0,0.28,淨值+報酬率
japan,,富達基金-亞洲債券基金(A股C月配息美元)(本基金之配息來源可能為本金),2026-08-11,7.233,美元,亞洲不含日本,債券型,2.01,-0.84,0.11,淨值+報酬率
usa,,安聯美國收益基金-AMg穩定月收總收益類股(澳幣避險)(本基金有相當比重投資於非投資等級之高風險債券且配息來源可能為本金),2026-08-11,7.2258,澳幣,美國,債券型,2.0,-0.79,0.12,淨值+報酬率
japan,,富達基金-亞洲債券基金(A股H月配息澳幣避險)(本基金之配息來源可能為本金),2026-08-11,7.544,澳幣,亞洲不含日本,債券型,1.97,-0.67,0.11,淨值+報酬率
usa,,安盛環球基金-美國非投資等級債券基金A CAP歐元(避險)(本基金主要投資於符合美國Rule 144A規定之私募性質債券且配息來源可能為本金),2026-08-11,229.55,歐元,美國,非投資等級債券,1.91,0.46,0.11,淨值+報酬率
japan,,瀚亞投資-亞洲債券基金Andm(紐幣避險月配)(本基金有相當比重投資於非投資等級之高風險債券且配息來源可能為本金),2026-08-11,6.045,紐幣,亞太不含日本,債券型,1.9,-0.92,0.1,淨值+報酬率
china,,貝萊德中國基金Hedged A2歐元,2026-08-11,14.51,歐元,中國,股票型,-35.87,-16.57,0.03,淨值+報酬率
usa,,駿利亨德森資產管理基金-駿利亨德森美國短期債券基金B2美元,2026-08-11,15.59,美元,美國,短期債券,1.9,0.06,0.25,淨值+報酬率
usa,,安聯美元短年期非投資等級債券基金-AT累積類股(歐元避險)(本基金主要投資於符合美國Rule 144A規定之私募性質債券),2026-08-11,121.56,歐元,美國,非投資等級債券,1.89,0.59,0.13,淨值+報酬率
usa,,MFS全盛基金系列-MFS全盛美國政府債券基金I1(美元),2026-08-11,167.53,美元,美國,債券型,1.88,-1.19,0.09,淨值+報酬率
usa,,瀚亞投資-優質公司債基金C(美元),2026-08-11,14.565,美元,美國,公司債券,1.87,-1.09,0.08,淨值+報酬率
usa,,摩根基金-美國複合收益債券基金A股(澳幣對沖)(累計),2026-08-11,10.5,澳幣,美國,債券型,1.84,-1.04,0.08,淨值+報酬率
usa,,駿利亨德森資產管理基金-駿利亨德森美國短期債券基金B1月配美元,2026-08-11,10.61,美元,美國,短期債券,1.78,0.02,0.23,淨值+報酬率
china,,歐義銳榮中國股票基金R,2026-08-10,126.2,歐元,大中華,股票型,1.78,-4.03,0.03,淨值+報酬率
usa,,瀚亞投資-優質公司債基金B(美元),2026-08-11,14.06,美元,美國,公司債券,1.77,-1.14,0.07,淨值+報酬率
usa,,MFS全盛基金系列-MFS全盛美國總報酬債券基金A1(美元),2026-08-11,19.55,美元,美國,債券型,1.77,-1.11,0.07,淨值+報酬率
usa,,瀚亞投資-美國優質債券基金Admc1(美元穩定月配)(本基金配息來源可能為本金),2026-08-11,9.527,美元,美國,公司債券,1.77,-1.16,0.06,淨值+報酬率
usa,,MFS全盛基金系列-MFS全盛美國總報酬債券基金A2(美元),2026-08-11,9.08,美元,美國,債券型,1.73,-1.13,0.07,淨值+報酬率
usa,,瀚亞投資-美國優質債券基金A(美元),2026-08-11,20.987,美元,美國,公司債券,1.73,-1.16,0.06,淨值+報酬率
usa,,駿利亨德森資產管理基金-駿利亨德森靈活入息基金A3月配美元(本基金某些股份類別之配息來源可能為本金且並無保證收益及配息),2026-08-11,8.45,美元,美國,債券型,1.73,-1.32,0.07,淨值+報酬率
usa,,瀚亞投資-美國優質債券基金Adm(美元月配)(本基金配息來源可能為本金),2026-08-11,9.693,美元,美國,公司債券,1.73,-1.16,0.06,淨值+報酬率
usa,,摩根基金-美國複合收益債券基金A股(美元)(累計),2026-08-11,18.31,美元,美國,債券型,1.72,-1.4,0.06,淨值+報酬率
usa,,摩根基金-美國複合收益債券基金A股(美元)(每月派息)(本基金之配息來源可能為本金),2026-08-11,8.17,美元,美國,債券型,1.7,-1.32,0.06,淨值+報酬率
usa,,PGIM美國公司債基金-A美元累積型,2026-08-11,118.29,美元,美國,公司債券,1.7,-1.43,0.05,淨值+報酬率
china,,先機中國基金B類累積股(美元),2026-08-11,28.8708,美元,大中華,股票型,1.69,-9.13,0.03,淨值+報酬率
china,,先機中國基金C2類累積股(美元),2026-08-11,14.7385,美元,大中華,股票型,1.69,-9.13,0.03,淨值+報酬率
usa,,駿利亨德森資產管理基金-駿利亨德森靈活入息基金A6穩月配美元(本基金某些股份類別之配息來源可能為本金且並無保證收益及配息),2026-08-11,9.39,美元,美國,債券型,1.68,-1.29,0.06,淨值+報酬率
usa,,iShares巴克萊TIPS債券指數TIP.US,2026-08-11,106.89,美元,美國,市場指數,1.67,-0.24,0.06,淨值+報酬率
usa,,駿利亨德森資產管理基金-駿利亨德森靈活入息基金A2美元(本基金並無保證收益),2026-08-11,21.68,美元,美國,債券型,1.64,-1.36,0.06,淨值+報酬率
usa,,摩根基金-美國複合收益債券基金A股(美元)(分派)(本基金之配息來源可能為本金),2026-08-11,11.35,美元,美國,債券型,1.63,-1.39,0.05,淨值+報酬率
usa,,富蘭克林坦伯頓全球投資系列美國政府基金美元F(Mdis)(本基金之配息來源可能為本金),2026-08-11,7.26,美元,美國,債券型,1.53,-1.72,0.04,淨值+報酬率
usa,,安聯美國收益基金-BMf固定月配類股(美元)(本基金有相當比重投資於非投資等級之高風險債券且配息來源可能為本金),2026-08-11,6.4772,美元,美國,債券型,1.53,-1.24,0.05,淨值+報酬率
usa,,安聯美國收益基金-BMg穩定月收總收益類股(美元)(本基金有相當比重投資於非投資等級之高風險債券且配息來源可能為本金),2026-08-11,6.8174,美元,美國,債券型,1.53,-1.24,0.05,淨值+報酬率
usa,,安聯美國收益基金-BT累積類股(美元)(本基金有相當比重投資於非投資等級之高風險債券),2026-08-11,10.3254,美元,美國,債券型,1.52,-1.25,0.05,淨值+報酬率
usa,,駿利亨德森資產管理基金-駿利亨德森靈活入息基金A3月配澳幣避險(本基金某些股份類別之配息來源可能為本金且並無保證收益及配息),2026-08-11,6.26,澳幣,美國,債券型,1.51,-1.3,0.04,淨值+報酬率
usa,,MFS全盛基金系列-MFS全盛美國政府債券基金A2(美元),2026-08-11,8.68,美元,美國,債券型,1.5,-1.39,0.04,淨值+報酬率
usa,,瑞聯UBAM美國優質中期公司債券基金美元RC,2026-08-10,205.98,美元,美國,債券型,1.49,-1.06,0.04,淨值+報酬率
china,,景順中國新世代基金B-年配息股美元,2026-08-11,47.56,美元,中國,股票型,1.47,-10.95,0.03,淨值+報酬率
usa,,瀚亞投資-優質公司債基金G(美元),2026-08-11,13.357,美元,美國,公司債券,1.47,-1.29,0.03,淨值+報酬率
usa,,富達基金-美元非投資等級債券基金(B股C月配息日圓避險)(本基金主要投資於符合美國Rule144A規定之私募性質債券且配息來源可能為本金),2026-08-11,859.6,日圓,美國,非投資等級債券,1.45,-0.18,0.04,淨值+報酬率
usa,,駿利亨德森資產管理基金-駿利亨德森美國短期債券基金I2歐元避險,2026-08-11,12.68,歐元,美國,短期債券,1.44,-0.08,0.08,淨值+報酬率
japan,,施羅德環球基金系列-亞洲債券(歐元)A1-累積(基金有相當比重投資於非投資等級之高風險債券),2026-08-11,13.4084,歐元,亞洲不含日本,債券型,1.43,2.25,0.02,淨值+報酬率
japan,,施羅德環球基金系列-亞洲債券(歐元)A1-月配浮動(基金有相當比重投資於非投資等級之高風險債券且基金之配息來源可能為本金),2026-08-11,4.0884,歐元,亞洲不含日本,債券型,1.43,2.25,0.02,淨值+報酬率
usa,,瀚亞投資-美國優質債券基金Aadm(澳幣避險月配)(本基金配息來源可能為本金),2026-08-11,8.344,澳幣,美國,公司債券,1.42,-1.08,0.03,淨值+報酬率
usa,,美盛西方資產美國核心增值債券基金A類股美元配息型(D)(本基金之配息來源可能為本金),2026-08-11,94.04,美元,美國,固定收益,1.38,-1.55,0.02,淨值+報酬率
usa,,美盛西方資產美國核心增值債券基金A類股美元累積型(本基金之配息來源可能為本金),2026-08-11,155.38,美元,美國,固定收益,1.38,-1.56,0.02,淨值+報酬率
usa,,美盛西方資產美國核心增值債券基金A類股美元增益配息型(M)(本基金之配息來源可能為本金),2026-08-11,73.63,美元,美國,固定收益,1.37,-1.56,0.02,淨值+報酬率
usa,,MFS全盛基金系列-MFS全盛美國政府債券基金A1(美元),2026-08-11,17.96,美元,美國,債券型,1.35,-1.43,0.02,淨值+報酬率
china,,景順中國新世代基金A(澳幣對沖)股澳幣,2026-08-11,9.84,澳幣,中國,股票型,1.34,-10.71,0.02,淨值+報酬率
usa,,瀚亞投資-優質公司債基金A(美元),2026-08-11,14.798,美元,美國,公司債券,1.27,-1.39,0.01,淨值+報酬率
usa,,瀚亞投資-優質公司債基金Adm(美元月配)(本基金配息來源可能為本金),2026-08-11,9.124,美元,美國,公司債券,1.26,-1.38,0.01,淨值+報酬率
usa,,瀚亞投資-優質公司債基金Admc1(美元穩定月配)(本基金配息來源可能為本金),2026-08-11,6.891,美元,美國,公司債券,1.26,-1.38,0.01,淨值+報酬率
usa,,PGIM美國公司債基金-T美元累積型,2026-08-11,116.173,美元,美國,公司債券,1.24,-1.65,0.0,淨值+報酬率
usa,,富蘭克林坦伯頓全球投資系列公司債基金日圓避險A(Mdis)-H1(本基金主要係投資於非投資等級之高風險債券及符合美國Rule 144A規定之私募性質債券且基金之配息來源可能為本金),2026-08-11,914.97,日圓,美國,非投資等級債券,1.22,-0.57,0.0,淨值+報酬率
usa,,iShares iBoxx投資等級公司債券指數LQD.US,2026-08-11,105.99,美元,美國,市場指數,1.19,-2.02,0.0,淨值+報酬率
china,,先機中國基金C類累積股(美元),2026-08-11,25.5082,美元,大中華,股票型,1.19,-9.36,0.03,淨值+報酬率
japan,,施羅德環球基金系列-亞洲債券(美元)A-累積(基金有相當比重投資於非投資等級之高風險債券),2026-08-11,16.7968,美元,亞洲不含日本,債券型,1.17,-0.33,-0.01,淨值+報酬率
japan,,施羅德環球基金系列-亞洲債券(美元)A-月配固定(基金有相當比重投資於非投資等級之高風險債券且基金之配息來源可能為本金),2026-08-11,4.7795,美元,亞洲不含日本,債券型,1.17,-0.33,-0.01,淨值+報酬率
usa,,美盛西方資產美國核心增值債券基金A類股澳幣增益配息型(M)(避險)(本基金之配息來源可能為本金),2026-08-11,68.55,澳幣,美國,固定收益,1.13,-1.47,-0.01,淨值+報酬率
usa,,瀚亞投資-美國特優級債券基金A(美元),2026-08-11,15.222,美元,美國,公司債券,1.1,-1.47,-0.01,淨值+報酬率
usa,,瀚亞投資-美國特優級債券基金Adm(美元月配)(本基金配息來源可能為本金),2026-08-11,9.496,美元,美國,公司債券,1.09,-1.47,-0.01,淨值+報酬率
usa,,駿利亨德森資產管理基金-駿利亨德森美國短期債券基金A2歐元避險,2026-08-11,18.03,歐元,美國,短期債券,1.07,-0.22,-0.07,淨值+報酬率
usa,,MFS全盛基金系列-MFS全盛通脹調整債券基金I1(美元),2026-08-11,175.68,美元,美國,債券型,1.02,-0.63,-0.02,淨值+報酬率
japan,,富達基金-亞洲債券基金(B股C月配息美元)(本基金之配息來源可能為本金),2026-08-11,8.968,美元,亞洲不含日本,債券型,1.01,-1.32,-0.03,淨值+報酬率
usa,,瀚亞投資-優質公司債基金Aadm(澳幣避險月配)(本基金配息來源可能為本金),2026-08-11,7.804,澳幣,美國,公司債券,0.98,-1.27,-0.03,淨值+報酬率
usa,,瀚亞投資-優質公司債基金Aadmc1(澳幣避險穩定月配)(本基金配息來源可能為本金),2026-08-11,7.07,澳幣,美國,公司債券,0.98,-1.27,-0.03,淨值+報酬率
japan,,富達基金-亞洲債券基金(B股累計美元),2026-08-11,10.75,美元,亞洲不含日本,債券型,0.94,-1.38,-0.04,淨值+報酬率
usa,,PGIM美國公司債基金-T美元月配息型,2026-08-11,88.709,美元,美國,公司債券,0.92,-1.96,-0.03,淨值+報酬率
china,,南方龍騰基金-中國新平衡機會基金-A類別(未申報生效)(美元),2026-08-10,212.75,美元,大中華,股票型,-31.29,-9.48,0.02,淨值+報酬率
china,,歐義銳榮中國股票基金R2,2026-08-10,146.61,美元,大中華,股票型,0.86,-6.96,0.01,淨值+報酬率
china,,南方龍騰基金-中國新平衡機會基金-A類別(未申報生效)(港幣),2026-08-10,223.13,港幣,大中華,股票型,-31.57,-10.37,0.02,淨值+報酬率
usa,,iShares巴克萊7-10年政府公債IEF.US,2026-08-11,92.87,美元,美國,債券型,0.81,-1.93,-0.04,淨值+報酬率
japan,,施羅德環球基金系列-亞洲債券(美元)A1-累積(基金有相當比重投資於非投資等級之高風險債券),2026-08-11,15.5328,美元,亞洲不含日本,債券型,0.77,-0.53,-0.08,淨值+報酬率
japan,,施羅德環球基金系列-亞洲債券(美元)A1-月配固定(基金有相當比重投資於非投資等級之高風險債券且基金之配息來源可能為本金),2026-08-11,4.4382,美元,亞洲不含日本,債券型,0.77,-0.52,-0.08,淨值+報酬率
usa,,MFS全盛基金系列-MFS全盛美國總報酬債券基金C1(美元),2026-08-11,15.26,美元,美國,債券型,0.73,-1.68,-0.07,淨值+報酬率
usa,,駿利亨德森資產管理基金-駿利亨德森靈活入息基金T2美元(本基金並無保證收益),2026-08-11,10.03,美元,美國,債券型,0.7,-1.76,-0.07,淨值+報酬率
usa,,摩根基金-美國複合收益債券基金F股(美元)(每月派息)(本基金之配息來源可能為本金),2026-08-11,80.62,美元,美國,債券型,0.67,-1.88,-0.06,淨值+報酬率
usa,,駿利亨德森資產管理基金-駿利亨德森靈活入息基金B2美元(本基金並無保證收益),2026-08-11,16.61,美元,美國,債券型,0.67,-1.83,-0.07,淨值+報酬率
usa,,MFS全盛基金系列-MFS全盛美國總報酬債券基金C2(美元),2026-08-11,9.06,美元,美國,債券型,0.66,-1.61,-0.07,淨值+報酬率
usa,,駿利亨德森資產管理基金-駿利亨德森靈活入息基金T6穩月配美元(本基金某些股份類別之配息來源可能為本金且並無保證收益及配息),2026-08-11,9.3,美元,美國,債券型,0.62,-1.82,-0.08,淨值+報酬率
usa,,駿利亨德森資產管理基金-駿利亨德森靈活入息基金B1月配美元(本基金某些股份類別之配息來源可能為本金且並無保證收益及配息),2026-08-11,10.66,美元,美國,債券型,0.61,-1.92,-0.08,淨值+報酬率
usa,,MFS全盛基金系列-MFS全盛通脹調整債券基金A2(美元),2026-08-11,9.28,美元,美國,債券型,0.57,-0.79,-0.08,淨值+報酬率
japan,,首源投資環球傘型基金-首源亞洲優質債券基金第一類股(美元-累積),2026-08-11,19.1247,美元,亞太不含日本,債券型,0.5,-2.04,-0.09,淨值+報酬率
japan,,首源投資環球傘型基金-首源亞洲優質債券基金第一類股(美元-月配息)(本基金之配息來源可能為本金),2026-08-11,7.965,美元,亞太不含日本,債券型,0.49,-2.06,-0.09,淨值+報酬率
usa,,MFS全盛基金系列-MFS全盛通脹調整債券基金A1(美元),2026-08-11,16.59,美元,美國,債券型,0.48,-0.9,-0.09,淨值+報酬率
usa,,MFS全盛基金系列-MFS全盛美國政府債券基金C1(美元),2026-08-11,13.72,美元,美國,債券型,0.29,-1.93,-0.13,淨值+報酬率
china,,景順中國新世代基金C(歐元對沖)股歐元,2026-08-11,37.1,歐元,中國,股票型,0.27,-11.41,0.01,淨值+報酬率
usa,,駿利亨德森資產管理基金-駿利亨德森靈活入息基金I2歐元避險(本基金並無保證收益),2026-08-11,22.86,歐元,美國,債券型,0.26,-1.93,-0.13,淨值+報酬率
usa,,MFS全盛基金系列-MFS全盛美國政府債券基金C2(美元),2026-08-11,8.69,美元,美國,債券型,0.22,-1.94,-0.14,淨值+報酬率
japan,,首源投資環球傘型基金-首源亞洲優質債券基金第一類股(澳幣避險N)月配息(本基金之配息來源可能為本金),2026-08-11,7.1586,澳幣,亞太不含日本,債券型,0.19,-1.98,-0.14,淨值+報酬率
china,,富達基金-中國聚焦基金(Y股累計美元),2026-08-11,26.59,美元,中國,股票型,0.15,-10.44,0.0,淨值+報酬率
china,,瑞銀(盧森堡)大中華股票基金(美元),2026-08-11,503.73,美元,大中華,股票型,-0.11,-9.66,-0.01,淨值+報酬率
china,,富達基金-中國聚焦基金(A股累計歐元),2026-08-11,20.44,歐元,中國,股票型,-0.15,-8.18,-0.01,淨值+報酬率
china,,景順中國新世代基金A(歐元對沖)股歐元,2026-08-11,31.34,歐元,中國,股票型,-0.32,-11.67,0.0,淨值+報酬率
usa,,駿利亨德森資產管理基金-駿利亨德森靈活入息基金A2歐元避險(本基金並無保證收益),2026-08-11,19.36,歐元,美國,債券型,-0.41,-2.27,-0.23,淨值+報酬率
usa,,MFS全盛基金系列-MFS全盛通脹調整債券基金C1(美元),2026-08-11,13.19,美元,美國,債券型,-0.6,-1.42,-0.23,淨值+報酬率
china,,DWS投資中國股票基金USD LC(已撤銷核備),2026-08-11,196.9,美元,大中華,股票型,-25.65,-9.42,-0.01,淨值+報酬率
usa,,MFS全盛基金系列-MFS全盛通脹調整債券基金C2(美元),2026-08-11,9.1,美元,美國,債券型,-0.61,-1.42,-0.24,淨值+報酬率
china,,富達基金-中國聚焦基金(A股美元),2026-08-11,70.05,美元,中國,股票型,-0.68,-10.8,-0.01,淨值+報酬率
japan,,施羅德環球基金系列-亞洲債券(歐元避險)A-累積(基金有相當比重投資於非投資等級之高風險債券),2026-08-11,114.4129,歐元,亞洲不含日本,債券型,-0.84,-1.2,-0.38,淨值+報酬率
japan,,施羅德環球基金系列-亞洲債券(歐元避險)A1-月配浮動(基金有相當比重投資於非投資等級之高風險債券且基金之配息來源可能為本金),2026-08-11,49.0255,歐元,亞洲不含日本,債券型,-1.22,-1.39,-0.45,淨值+報酬率
japan,,施羅德環球基金系列-亞洲債券(歐元避險)A1-累積(基金有相當比重投資於非投資等級之高風險債券),2026-08-11,107.0151,歐元,亞洲不含日本,債券型,-1.22,-1.4,-0.45,淨值+報酬率
usa,,安聯美國收益基金-AMi穩定月收類股(日圓避險)(本基金有相當比重投資於非投資等級之高風險債券且配息來源可能為本金),2026-08-11,1731.21,日圓,美國,債券型,-1.28,-2.43,-0.41,淨值+報酬率
usa,,駿利亨德森資產管理基金-駿利亨德森靈活入息基金B1月配歐元避險(本基金某些股份類別之配息來源可能為本金且並無保證收益及配息),2026-08-11,7.83,歐元,美國,債券型,-1.38,-2.73,-0.36,淨值+報酬率
china,,富達基金-中國內需消費基金(Y股累計美元),2026-08-11,17.48,美元,中國,必需性消費股,-1.41,-6.92,-0.02,淨值+報酬率
usa,,iShares巴克萊20年美國國庫券利率指數TLT.US,2026-08-11,82.19,美元,美國,市場指數,-25.81,-0.98,-0.15,淨值+報酬率
china,,富達基金-中國內需消費基金(A股歐元),2026-08-11,18.23,歐元,中國,必需性消費股,-1.71,-4.58,-0.03,淨值+報酬率
china,,富達基金-中國內需消費基金(A股累計歐元),2026-08-11,18.29,歐元,中國,必需性消費股,-1.72,-4.59,-0.03,淨值+報酬率
japan,,瀚亞投資-亞洲當地貨幣債券基金Azdm(南非幣避險月配)(本基金有相當比重投資於非投資等級之高風險債券且配息來源可能為本金),2026-08-11,8.034,南非幣,亞太不含日本,債券型,-1.94,-3.57,-0.22,淨值+報酬率
japan,,施羅德環球基金系列-亞幣債券(美元)C-累積(基金有相當比重投資於非投資等級之高風險債券),2026-08-11,158.7939,美元,亞太不含日本,債券型,-2.11,-2.44,-0.23,淨值+報酬率
china,,富達基金-中國內需消費基金(A股美元),2026-08-11,15.33,美元,中國,必需性消費股,-2.2,-7.28,-0.03,淨值+報酬率
china,,富達基金-中國內需消費基金(A股累計美元),2026-08-11,15.43,美元,中國,必需性消費股,-2.22,-7.27,-0.03,淨值+報酬率
china,,GAM Star中華股票基金累積單位-美元,2026-08-10,22.1227,美元,中國,股票型,-26.19,-9.18,-0.04,淨值+報酬率
japan,,施羅德環球基金系列-亞幣債券(美元)A-累積(基金有相當比重投資於非投資等級之高風險債券),2026-08-11,147.5327,美元,亞太不含日本,債券型,-2.5,-2.64,-0.26,淨值+報酬率
healthcare,,百達-長壽樂活-I美元(本基金非屬環境、社會及治理相關主題基金),2026-08-11,374.94,美元,全球,健康護理股,-2.6,7.87,-0.03,淨值+報酬率
china,,GAM Star中華股票基金-A USD,2026-08-10,15.2407,美元,中國,股票型,-26.37,-9.3,-0.04,淨值+報酬率
china,,富達基金-中國內需消費基金(A股累計澳幣避險),2026-08-11,10.93,澳幣,中國,必需性消費股,-2.76,-6.74,-0.04,淨值+報酬率
usa,,聯博-聚焦美國股票基金A級別美元(基金之配息來源可能為本金),2026-08-11,47.21,美元,美國,股票型,-2.8,2.12,-0.11,淨值+報酬率
japan,,施羅德環球基金系列-亞幣債券(美元)A1-累積(基金有相當比重投資於非投資等級之高風險債券),2026-08-11,134.7291,美元,亞太不含日本,債券型,-2.99,-2.88,-0.29,淨值+報酬率
china,,富達基金-中國內需消費基金(B股累計美元),2026-08-11,11.44,美元,中國,必需性消費股,-3.13,-7.67,-0.04,淨值+報酬率
china,,瑞銀(盧森堡)中國精選股票基金(美元)I-A1-累積,2026-08-11,205.58,美元,中國,股票型,-3.36,-9.94,-0.06,淨值+報酬率
japan,,瀚亞投資-亞洲當地貨幣債券基金C(美元)(本基金有相當比重投資於非投資等級之高風險債券),2026-08-11,13.294,美元,亞太不含日本,債券型,-3.46,-4.24,-0.33,淨值+報酬率
healthcare,,百達-長壽樂活-R歐元(本基金非屬環境、社會及治理相關主題基金),2026-08-11,233.21,歐元,全球,健康護理股,-3.53,9.95,-0.03,淨值+報酬率
japan,,瀚亞投資-亞洲當地貨幣債券基金Adm(美元月配)(本基金有相當比重投資於非投資等級之高風險債券且配息來源可能為本金),2026-08-11,7.681,美元,亞太不含日本,債券型,-4.09,-4.55,-0.37,淨值+報酬率
japan,,瀚亞投資-亞洲當地貨幣債券基金A(美元)(本基金有相當比重投資於非投資等級之高風險債券),2026-08-11,15.043,美元,亞太不含日本,債券型,-4.09,-4.55,-0.37,淨值+報酬率
healthcare,,百達-長壽樂活-R美元(本基金非屬環境、社會及治理相關主題基金),2026-08-11,269.25,美元,全球,健康護理股,-4.15,7.02,-0.05,淨值+報酬率
japan,,施羅德環球基金系列-亞幣債券(歐元避險)C-累積(基金有相當比重投資於非投資等級之高風險債券),2026-08-11,98.2325,歐元,亞太不含日本,債券型,-4.19,-3.4,-0.38,淨值+報酬率
china,,愛德蒙得洛希爾基金-中國基金(A)-美元(已撤銷核備),2026-08-10,112.91,美元,中國,股票型,-25.96,-5.12,-0.07,淨值+報酬率
japan,,瀚亞投資-亞洲當地貨幣債券基金Aadm(澳幣避險月配)(本基金有相當比重投資於非投資等級之高風險債券且配息來源可能為本金),2026-08-11,6.291,澳幣,亞太不含日本,債券型,-4.48,-4.58,-0.4,淨值+報酬率
china,,瑞銀(盧森堡)中國精選股票基金(美元),2026-08-11,1308.71,美元,中國,股票型,-4.68,-10.46,-0.09,淨值+報酬率
china,,瑞銀(盧森堡)中國精選股票基金(美元)(月配息)(本基金之配息來源可能為本金),2026-08-11,145.99,美元,中國,股票型,-4.68,-10.46,-0.09,淨值+報酬率
japan,,歐義銳榮日本債券基金RH,2026-08-10,138.46,歐元,日本,債券型,-5.38,-2.1,-0.86,淨值+報酬率
healthcare,,百達-長壽樂活-HR歐元(本基金非屬環境、社會及治理相關主題基金),2026-08-11,164.36,歐元,全球,健康護理股,-6.35,5.83,-0.08,淨值+報酬率
japan,,日本不動產投資8952.JP,2026-08-10,118800.0,日圓,日本,REIT,-6.38,-6.75,-0.21,淨值+報酬率
usa,,摩根士丹利美國增長基金A(美元),2026-08-11,245.16,美元,美國,股票型,-56.17,2.33,-0.07,淨值+報酬率
usa,,瑞萬通博基金-美國價值股票基金C(美元),2026-08-10,592.32,美元,美國,股票型,-6.58,-2.27,-0.18,淨值+報酬率
usa,,摩根士丹利美國優勢基金A(美元),2026-08-11,158.02,美元,美國,股票型,-49.78,7.59,-0.09,淨值+報酬率
japan,,野村基金(愛爾蘭系列)-亞洲(日本除外)精選核心股票基金(T美元類股),2026-08-11,98.7722,美元,亞洲不含日本,股票型,-9.33,-33.77,0.03,淨值+報酬率
japan,,歐義銳榮日本債券基金R,2026-08-10,61.06,歐元,日本,債券型,-12.51,-2.69,-0.76,淨值+報酬率
usa,,Proshares 放空S&P500指數SH.US,2026-08-11,32.19,美元,美國,市場指數,-13.95,-8.57,-0.48,淨值+報酬率
usa,,Proshares 放空道瓊30指數DOG.US,2026-08-11,21.15,美元,美國,市場指數,-15.16,-5.36,-0.5,淨值+報酬率
usa,,Proshares 放空那斯達克指數PSQ.US,2026-08-11,25.69,美元,美國,市場指數,-18.28,-14.31,-0.39,淨值+報酬率
usa,,S＆P能源指數XLE.US,2026-08-11,60.93,美元,美國,市場指數,-25.74,12.35,-0.2,淨值+報酬率
